   1              		.cpu cortex-m4
   2              		.arch armv7e-m
   3              		.fpu softvfp
   4              		.eabi_attribute 20, 1
   5              		.eabi_attribute 21, 1
   6              		.eabi_attribute 23, 3
   7              		.eabi_attribute 24, 1
   8              		.eabi_attribute 25, 1
   9              		.eabi_attribute 26, 1
  10              		.eabi_attribute 30, 4
  11              		.eabi_attribute 34, 1
  12              		.eabi_attribute 18, 4
  13              		.file	"simpleserial.c"
  14              		.text
  15              	.Ltext0:
  16              		.cfi_sections	.debug_frame
  17              		.file 1 "/home/max/chipwhisperer/firmware/mcu/simpleserial/simpleserial.c"
  18              		.section	.text.check_version,"ax",%progbits
  19              		.align	1
  20              		.global	check_version
  21              		.syntax unified
  22              		.thumb
  23              		.thumb_func
  25              	check_version:
  26              	.LVL0:
  27              	.LFB1:
   1:/home/max/chipwhisperer/firmware/mcu/simpleserial/simpleserial.c **** // simpleserial.c
   2:/home/max/chipwhisperer/firmware/mcu/simpleserial/simpleserial.c **** 
   3:/home/max/chipwhisperer/firmware/mcu/simpleserial/simpleserial.c **** #include "simpleserial.h"
   4:/home/max/chipwhisperer/firmware/mcu/simpleserial/simpleserial.c **** #include <stdint.h>
   5:/home/max/chipwhisperer/firmware/mcu/simpleserial/simpleserial.c **** #include "hal.h"
   6:/home/max/chipwhisperer/firmware/mcu/simpleserial/simpleserial.c **** 
   7:/home/max/chipwhisperer/firmware/mcu/simpleserial/simpleserial.c **** 
   8:/home/max/chipwhisperer/firmware/mcu/simpleserial/simpleserial.c **** #define MAX_SS_CMDS 32
   9:/home/max/chipwhisperer/firmware/mcu/simpleserial/simpleserial.c **** static int num_commands = 0;
  10:/home/max/chipwhisperer/firmware/mcu/simpleserial/simpleserial.c **** 
  11:/home/max/chipwhisperer/firmware/mcu/simpleserial/simpleserial.c **** 
  12:/home/max/chipwhisperer/firmware/mcu/simpleserial/simpleserial.c **** //#define SS_VER_1_0 0
  13:/home/max/chipwhisperer/firmware/mcu/simpleserial/simpleserial.c **** //#define SS_VER_1_1 1
  14:/home/max/chipwhisperer/firmware/mcu/simpleserial/simpleserial.c **** //#define SS_VER_2_0 2
  15:/home/max/chipwhisperer/firmware/mcu/simpleserial/simpleserial.c **** 
  16:/home/max/chipwhisperer/firmware/mcu/simpleserial/simpleserial.c **** 
  17:/home/max/chipwhisperer/firmware/mcu/simpleserial/simpleserial.c **** // 0xA6 formerly 
  18:/home/max/chipwhisperer/firmware/mcu/simpleserial/simpleserial.c **** #define CW_CRC 0x4D 
  19:/home/max/chipwhisperer/firmware/mcu/simpleserial/simpleserial.c **** uint8_t ss_crc(uint8_t *buf, uint8_t len)
  20:/home/max/chipwhisperer/firmware/mcu/simpleserial/simpleserial.c **** {
  21:/home/max/chipwhisperer/firmware/mcu/simpleserial/simpleserial.c **** 	unsigned int k = 0;
  22:/home/max/chipwhisperer/firmware/mcu/simpleserial/simpleserial.c **** 	uint8_t crc = 0x00;
  23:/home/max/chipwhisperer/firmware/mcu/simpleserial/simpleserial.c **** 	while (len--) {
  24:/home/max/chipwhisperer/firmware/mcu/simpleserial/simpleserial.c **** 		crc ^= *buf++;
  25:/home/max/chipwhisperer/firmware/mcu/simpleserial/simpleserial.c **** 		for (k = 0; k < 8; k++) {
  26:/home/max/chipwhisperer/firmware/mcu/simpleserial/simpleserial.c **** 			crc = crc & 0x80 ? (crc << 1) ^ CW_CRC: crc << 1;
  27:/home/max/chipwhisperer/firmware/mcu/simpleserial/simpleserial.c **** 		}
  28:/home/max/chipwhisperer/firmware/mcu/simpleserial/simpleserial.c **** 	}
  29:/home/max/chipwhisperer/firmware/mcu/simpleserial/simpleserial.c **** 	return crc;
  30:/home/max/chipwhisperer/firmware/mcu/simpleserial/simpleserial.c **** 
  31:/home/max/chipwhisperer/firmware/mcu/simpleserial/simpleserial.c **** }
  32:/home/max/chipwhisperer/firmware/mcu/simpleserial/simpleserial.c **** 
  33:/home/max/chipwhisperer/firmware/mcu/simpleserial/simpleserial.c **** // [B_STUFF, CMD, SCMD, LEN, B_STUFF, DATA..., CRC, TERM]
  34:/home/max/chipwhisperer/firmware/mcu/simpleserial/simpleserial.c **** 
  35:/home/max/chipwhisperer/firmware/mcu/simpleserial/simpleserial.c **** //#define SS_VER SS_VER_2_0
  36:/home/max/chipwhisperer/firmware/mcu/simpleserial/simpleserial.c **** #if SS_VER == SS_VER_2_0
  37:/home/max/chipwhisperer/firmware/mcu/simpleserial/simpleserial.c **** #error "SS_VER_2_0 is deprecated! Use SS_VER_2_1 instead."
  38:/home/max/chipwhisperer/firmware/mcu/simpleserial/simpleserial.c **** #elif SS_VER == SS_VER_2_1
  39:/home/max/chipwhisperer/firmware/mcu/simpleserial/simpleserial.c **** 
  40:/home/max/chipwhisperer/firmware/mcu/simpleserial/simpleserial.c **** #define MAX_SS_LEN 249
  41:/home/max/chipwhisperer/firmware/mcu/simpleserial/simpleserial.c **** 
  42:/home/max/chipwhisperer/firmware/mcu/simpleserial/simpleserial.c **** int hex_decode(int len, char* ascii_buf, uint8_t* data_buf)
  43:/home/max/chipwhisperer/firmware/mcu/simpleserial/simpleserial.c **** {
  44:/home/max/chipwhisperer/firmware/mcu/simpleserial/simpleserial.c **** 	for(int i = 0; i < len; i++)
  45:/home/max/chipwhisperer/firmware/mcu/simpleserial/simpleserial.c **** 	{
  46:/home/max/chipwhisperer/firmware/mcu/simpleserial/simpleserial.c **** 		char n_hi = ascii_buf[2*i];
  47:/home/max/chipwhisperer/firmware/mcu/simpleserial/simpleserial.c **** 		char n_lo = ascii_buf[2*i+1];
  48:/home/max/chipwhisperer/firmware/mcu/simpleserial/simpleserial.c **** 
  49:/home/max/chipwhisperer/firmware/mcu/simpleserial/simpleserial.c **** 		if(n_lo >= '0' && n_lo <= '9')
  50:/home/max/chipwhisperer/firmware/mcu/simpleserial/simpleserial.c **** 			data_buf[i] = n_lo - '0';
  51:/home/max/chipwhisperer/firmware/mcu/simpleserial/simpleserial.c **** 		else if(n_lo >= 'A' && n_lo <= 'F')
  52:/home/max/chipwhisperer/firmware/mcu/simpleserial/simpleserial.c **** 			data_buf[i] = n_lo - 'A' + 10;
  53:/home/max/chipwhisperer/firmware/mcu/simpleserial/simpleserial.c **** 		else if(n_lo >= 'a' && n_lo <= 'f')
  54:/home/max/chipwhisperer/firmware/mcu/simpleserial/simpleserial.c **** 			data_buf[i] = n_lo - 'a' + 10;
  55:/home/max/chipwhisperer/firmware/mcu/simpleserial/simpleserial.c **** 		else
  56:/home/max/chipwhisperer/firmware/mcu/simpleserial/simpleserial.c **** 			return 1;
  57:/home/max/chipwhisperer/firmware/mcu/simpleserial/simpleserial.c **** 
  58:/home/max/chipwhisperer/firmware/mcu/simpleserial/simpleserial.c **** 		if(n_hi >= '0' && n_hi <= '9')
  59:/home/max/chipwhisperer/firmware/mcu/simpleserial/simpleserial.c **** 			data_buf[i] |= (n_hi - '0') << 4;
  60:/home/max/chipwhisperer/firmware/mcu/simpleserial/simpleserial.c **** 		else if(n_hi >= 'A' && n_hi <= 'F')
  61:/home/max/chipwhisperer/firmware/mcu/simpleserial/simpleserial.c **** 			data_buf[i] |= (n_hi - 'A' + 10) << 4;
  62:/home/max/chipwhisperer/firmware/mcu/simpleserial/simpleserial.c **** 		else if(n_hi >= 'a' && n_hi <= 'f')
  63:/home/max/chipwhisperer/firmware/mcu/simpleserial/simpleserial.c **** 			data_buf[i] |= (n_hi - 'a' + 10) << 4;
  64:/home/max/chipwhisperer/firmware/mcu/simpleserial/simpleserial.c **** 		else
  65:/home/max/chipwhisperer/firmware/mcu/simpleserial/simpleserial.c **** 			return 1;
  66:/home/max/chipwhisperer/firmware/mcu/simpleserial/simpleserial.c **** 	}
  67:/home/max/chipwhisperer/firmware/mcu/simpleserial/simpleserial.c **** 
  68:/home/max/chipwhisperer/firmware/mcu/simpleserial/simpleserial.c **** 	return 0;
  69:/home/max/chipwhisperer/firmware/mcu/simpleserial/simpleserial.c **** }
  70:/home/max/chipwhisperer/firmware/mcu/simpleserial/simpleserial.c **** 
  71:/home/max/chipwhisperer/firmware/mcu/simpleserial/simpleserial.c **** typedef struct ss_cmd
  72:/home/max/chipwhisperer/firmware/mcu/simpleserial/simpleserial.c **** {
  73:/home/max/chipwhisperer/firmware/mcu/simpleserial/simpleserial.c **** 	char c;
  74:/home/max/chipwhisperer/firmware/mcu/simpleserial/simpleserial.c **** 	unsigned int len;
  75:/home/max/chipwhisperer/firmware/mcu/simpleserial/simpleserial.c **** 	uint8_t (*fp)(uint8_t, uint8_t, uint8_t, uint8_t *);
  76:/home/max/chipwhisperer/firmware/mcu/simpleserial/simpleserial.c **** } ss_cmd;
  77:/home/max/chipwhisperer/firmware/mcu/simpleserial/simpleserial.c **** static ss_cmd commands[MAX_SS_CMDS];
  78:/home/max/chipwhisperer/firmware/mcu/simpleserial/simpleserial.c **** 
  79:/home/max/chipwhisperer/firmware/mcu/simpleserial/simpleserial.c **** void ss_puts(char *x)
  80:/home/max/chipwhisperer/firmware/mcu/simpleserial/simpleserial.c **** {
  81:/home/max/chipwhisperer/firmware/mcu/simpleserial/simpleserial.c **** 	do {
  82:/home/max/chipwhisperer/firmware/mcu/simpleserial/simpleserial.c **** 		putch(*x);
  83:/home/max/chipwhisperer/firmware/mcu/simpleserial/simpleserial.c **** 	} while (*++x);
  84:/home/max/chipwhisperer/firmware/mcu/simpleserial/simpleserial.c **** }
  85:/home/max/chipwhisperer/firmware/mcu/simpleserial/simpleserial.c **** 
  86:/home/max/chipwhisperer/firmware/mcu/simpleserial/simpleserial.c **** #define FRAME_BYTE 0x00
  87:/home/max/chipwhisperer/firmware/mcu/simpleserial/simpleserial.c **** 
  88:/home/max/chipwhisperer/firmware/mcu/simpleserial/simpleserial.c **** uint8_t check_version(uint8_t cmd, uint8_t scmd, uint8_t len, uint8_t *data)
  89:/home/max/chipwhisperer/firmware/mcu/simpleserial/simpleserial.c **** {
  90:/home/max/chipwhisperer/firmware/mcu/simpleserial/simpleserial.c **** 	uint8_t ver = SS_VER;
  91:/home/max/chipwhisperer/firmware/mcu/simpleserial/simpleserial.c **** 	simpleserial_put('r', 1, &ver);
  92:/home/max/chipwhisperer/firmware/mcu/simpleserial/simpleserial.c **** 	return SS_ERR_OK;
  93:/home/max/chipwhisperer/firmware/mcu/simpleserial/simpleserial.c **** }
  94:/home/max/chipwhisperer/firmware/mcu/simpleserial/simpleserial.c **** 
  95:/home/max/chipwhisperer/firmware/mcu/simpleserial/simpleserial.c **** uint8_t ss_get_commands(uint8_t cmd, uint8_t scmd, uint8_t len, uint8_t *data)
  96:/home/max/chipwhisperer/firmware/mcu/simpleserial/simpleserial.c **** {
  97:/home/max/chipwhisperer/firmware/mcu/simpleserial/simpleserial.c ****     uint8_t cmd_chars[MAX_SS_CMDS];
  98:/home/max/chipwhisperer/firmware/mcu/simpleserial/simpleserial.c ****     for (uint8_t i = 0; i < (num_commands & 0xFF); i++) {
  99:/home/max/chipwhisperer/firmware/mcu/simpleserial/simpleserial.c ****         cmd_chars[i] = commands[i].c;
 100:/home/max/chipwhisperer/firmware/mcu/simpleserial/simpleserial.c ****     }
 101:/home/max/chipwhisperer/firmware/mcu/simpleserial/simpleserial.c **** 
 102:/home/max/chipwhisperer/firmware/mcu/simpleserial/simpleserial.c ****     simpleserial_put('r', num_commands & 0xFF, (void *)cmd_chars);
 103:/home/max/chipwhisperer/firmware/mcu/simpleserial/simpleserial.c ****     return 0x00;
 104:/home/max/chipwhisperer/firmware/mcu/simpleserial/simpleserial.c **** 
 105:/home/max/chipwhisperer/firmware/mcu/simpleserial/simpleserial.c **** }
 106:/home/max/chipwhisperer/firmware/mcu/simpleserial/simpleserial.c **** 
 107:/home/max/chipwhisperer/firmware/mcu/simpleserial/simpleserial.c **** uint8_t stuff_data(uint8_t *buf, uint8_t len)
 108:/home/max/chipwhisperer/firmware/mcu/simpleserial/simpleserial.c **** {
 109:/home/max/chipwhisperer/firmware/mcu/simpleserial/simpleserial.c **** 	uint8_t i = 1;
 110:/home/max/chipwhisperer/firmware/mcu/simpleserial/simpleserial.c **** 	uint8_t last = 0;
 111:/home/max/chipwhisperer/firmware/mcu/simpleserial/simpleserial.c **** 	for (; i < len; i++) {
 112:/home/max/chipwhisperer/firmware/mcu/simpleserial/simpleserial.c **** 		if (buf[i] == FRAME_BYTE) {
 113:/home/max/chipwhisperer/firmware/mcu/simpleserial/simpleserial.c **** 			buf[last] = i - last;
 114:/home/max/chipwhisperer/firmware/mcu/simpleserial/simpleserial.c **** 			last = i;
 115:/home/max/chipwhisperer/firmware/mcu/simpleserial/simpleserial.c **** 		}
 116:/home/max/chipwhisperer/firmware/mcu/simpleserial/simpleserial.c **** 	}
 117:/home/max/chipwhisperer/firmware/mcu/simpleserial/simpleserial.c **** 	return 0x00;
 118:/home/max/chipwhisperer/firmware/mcu/simpleserial/simpleserial.c **** }
 119:/home/max/chipwhisperer/firmware/mcu/simpleserial/simpleserial.c **** 
 120:/home/max/chipwhisperer/firmware/mcu/simpleserial/simpleserial.c **** uint8_t unstuff_data(uint8_t *buf, uint8_t len)
 121:/home/max/chipwhisperer/firmware/mcu/simpleserial/simpleserial.c **** {
 122:/home/max/chipwhisperer/firmware/mcu/simpleserial/simpleserial.c **** 	uint8_t next = buf[0];
 123:/home/max/chipwhisperer/firmware/mcu/simpleserial/simpleserial.c **** 	buf[0] = 0x00;
 124:/home/max/chipwhisperer/firmware/mcu/simpleserial/simpleserial.c **** 	//len -= 1;
 125:/home/max/chipwhisperer/firmware/mcu/simpleserial/simpleserial.c **** 	uint8_t tmp = next;
 126:/home/max/chipwhisperer/firmware/mcu/simpleserial/simpleserial.c **** 	while ((next < len) && tmp != 0) {
 127:/home/max/chipwhisperer/firmware/mcu/simpleserial/simpleserial.c **** 		tmp = buf[next];
 128:/home/max/chipwhisperer/firmware/mcu/simpleserial/simpleserial.c **** 		buf[next] = FRAME_BYTE;
 129:/home/max/chipwhisperer/firmware/mcu/simpleserial/simpleserial.c **** 		next += tmp;
 130:/home/max/chipwhisperer/firmware/mcu/simpleserial/simpleserial.c **** 	}
 131:/home/max/chipwhisperer/firmware/mcu/simpleserial/simpleserial.c **** 	return next;
 132:/home/max/chipwhisperer/firmware/mcu/simpleserial/simpleserial.c **** }
 133:/home/max/chipwhisperer/firmware/mcu/simpleserial/simpleserial.c **** 
 134:/home/max/chipwhisperer/firmware/mcu/simpleserial/simpleserial.c **** // Set up the SimpleSerial module by preparing internal commands
 135:/home/max/chipwhisperer/firmware/mcu/simpleserial/simpleserial.c **** // This just adds the "v" command for now...
 136:/home/max/chipwhisperer/firmware/mcu/simpleserial/simpleserial.c **** void simpleserial_init()
 137:/home/max/chipwhisperer/firmware/mcu/simpleserial/simpleserial.c **** {
 138:/home/max/chipwhisperer/firmware/mcu/simpleserial/simpleserial.c **** 	simpleserial_addcmd('v', 0, check_version);
 139:/home/max/chipwhisperer/firmware/mcu/simpleserial/simpleserial.c ****     simpleserial_addcmd('w', 0, ss_get_commands);
 140:/home/max/chipwhisperer/firmware/mcu/simpleserial/simpleserial.c **** }
 141:/home/max/chipwhisperer/firmware/mcu/simpleserial/simpleserial.c **** 
 142:/home/max/chipwhisperer/firmware/mcu/simpleserial/simpleserial.c **** int simpleserial_addcmd(char c, unsigned int len, uint8_t (*fp)(uint8_t, uint8_t, uint8_t, uint8_t*
 143:/home/max/chipwhisperer/firmware/mcu/simpleserial/simpleserial.c **** {
 144:/home/max/chipwhisperer/firmware/mcu/simpleserial/simpleserial.c **** 	if(num_commands >= MAX_SS_CMDS) {
 145:/home/max/chipwhisperer/firmware/mcu/simpleserial/simpleserial.c **** 		putch('a');
 146:/home/max/chipwhisperer/firmware/mcu/simpleserial/simpleserial.c **** 		return 1;
 147:/home/max/chipwhisperer/firmware/mcu/simpleserial/simpleserial.c **** 	}
 148:/home/max/chipwhisperer/firmware/mcu/simpleserial/simpleserial.c **** 
 149:/home/max/chipwhisperer/firmware/mcu/simpleserial/simpleserial.c **** 	if(len >= MAX_SS_LEN) {
 150:/home/max/chipwhisperer/firmware/mcu/simpleserial/simpleserial.c **** 		putch('b');
 151:/home/max/chipwhisperer/firmware/mcu/simpleserial/simpleserial.c **** 		return 1;
 152:/home/max/chipwhisperer/firmware/mcu/simpleserial/simpleserial.c **** 	}
 153:/home/max/chipwhisperer/firmware/mcu/simpleserial/simpleserial.c **** 
 154:/home/max/chipwhisperer/firmware/mcu/simpleserial/simpleserial.c **** 	commands[num_commands].c   = c;
 155:/home/max/chipwhisperer/firmware/mcu/simpleserial/simpleserial.c **** 	commands[num_commands].len = len;
 156:/home/max/chipwhisperer/firmware/mcu/simpleserial/simpleserial.c **** 	commands[num_commands].fp  = fp;
 157:/home/max/chipwhisperer/firmware/mcu/simpleserial/simpleserial.c **** 	num_commands++;
 158:/home/max/chipwhisperer/firmware/mcu/simpleserial/simpleserial.c **** 
 159:/home/max/chipwhisperer/firmware/mcu/simpleserial/simpleserial.c **** 	return 0;
 160:/home/max/chipwhisperer/firmware/mcu/simpleserial/simpleserial.c **** }
 161:/home/max/chipwhisperer/firmware/mcu/simpleserial/simpleserial.c **** 
 162:/home/max/chipwhisperer/firmware/mcu/simpleserial/simpleserial.c **** void simpleserial_get(void)
 163:/home/max/chipwhisperer/firmware/mcu/simpleserial/simpleserial.c **** {
 164:/home/max/chipwhisperer/firmware/mcu/simpleserial/simpleserial.c **** 	uint8_t data_buf[MAX_SS_LEN];
 165:/home/max/chipwhisperer/firmware/mcu/simpleserial/simpleserial.c **** 	uint8_t err = 0;
 166:/home/max/chipwhisperer/firmware/mcu/simpleserial/simpleserial.c **** 
 167:/home/max/chipwhisperer/firmware/mcu/simpleserial/simpleserial.c **** 	for (int i = 0; i < 4; i++) {
 168:/home/max/chipwhisperer/firmware/mcu/simpleserial/simpleserial.c **** 		data_buf[i] = getch(); //PTR, cmd, scmd, len
 169:/home/max/chipwhisperer/firmware/mcu/simpleserial/simpleserial.c **** 		if (data_buf[i] == FRAME_BYTE) {
 170:/home/max/chipwhisperer/firmware/mcu/simpleserial/simpleserial.c **** 			err = SS_ERR_FRAME_BYTE;
 171:/home/max/chipwhisperer/firmware/mcu/simpleserial/simpleserial.c **** 			goto ERROR;
 172:/home/max/chipwhisperer/firmware/mcu/simpleserial/simpleserial.c **** 		}
 173:/home/max/chipwhisperer/firmware/mcu/simpleserial/simpleserial.c **** 	}
 174:/home/max/chipwhisperer/firmware/mcu/simpleserial/simpleserial.c **** 	uint8_t next_frame = unstuff_data(data_buf, 4);
 175:/home/max/chipwhisperer/firmware/mcu/simpleserial/simpleserial.c **** 
 176:/home/max/chipwhisperer/firmware/mcu/simpleserial/simpleserial.c **** 	// check for valid command
 177:/home/max/chipwhisperer/firmware/mcu/simpleserial/simpleserial.c **** 	uint8_t c = 0;
 178:/home/max/chipwhisperer/firmware/mcu/simpleserial/simpleserial.c **** 	for(c = 0; c < num_commands; c++)
 179:/home/max/chipwhisperer/firmware/mcu/simpleserial/simpleserial.c **** 	{
 180:/home/max/chipwhisperer/firmware/mcu/simpleserial/simpleserial.c **** 		if(commands[c].c == data_buf[1])
 181:/home/max/chipwhisperer/firmware/mcu/simpleserial/simpleserial.c **** 			break;
 182:/home/max/chipwhisperer/firmware/mcu/simpleserial/simpleserial.c **** 	}
 183:/home/max/chipwhisperer/firmware/mcu/simpleserial/simpleserial.c **** 
 184:/home/max/chipwhisperer/firmware/mcu/simpleserial/simpleserial.c **** 	if (c == num_commands) {
 185:/home/max/chipwhisperer/firmware/mcu/simpleserial/simpleserial.c **** 		err = SS_ERR_CMD;
 186:/home/max/chipwhisperer/firmware/mcu/simpleserial/simpleserial.c **** 		goto ERROR;
 187:/home/max/chipwhisperer/firmware/mcu/simpleserial/simpleserial.c **** 	}
 188:/home/max/chipwhisperer/firmware/mcu/simpleserial/simpleserial.c **** 
 189:/home/max/chipwhisperer/firmware/mcu/simpleserial/simpleserial.c **** 	//check that next frame not beyond end of message
 190:/home/max/chipwhisperer/firmware/mcu/simpleserial/simpleserial.c **** 	// account for cmd, scmd, len, data, crc, end of frame
 191:/home/max/chipwhisperer/firmware/mcu/simpleserial/simpleserial.c **** 	if ((data_buf[3] + 5) < next_frame) {
 192:/home/max/chipwhisperer/firmware/mcu/simpleserial/simpleserial.c **** 		err = SS_ERR_LEN;
 193:/home/max/chipwhisperer/firmware/mcu/simpleserial/simpleserial.c **** 		goto ERROR;
 194:/home/max/chipwhisperer/firmware/mcu/simpleserial/simpleserial.c **** 	}
 195:/home/max/chipwhisperer/firmware/mcu/simpleserial/simpleserial.c **** 
 196:/home/max/chipwhisperer/firmware/mcu/simpleserial/simpleserial.c **** 	// read in data
 197:/home/max/chipwhisperer/firmware/mcu/simpleserial/simpleserial.c **** 	// eq to len + crc + frame end
 198:/home/max/chipwhisperer/firmware/mcu/simpleserial/simpleserial.c **** 	int i = 4;
 199:/home/max/chipwhisperer/firmware/mcu/simpleserial/simpleserial.c **** 	for (; i < data_buf[3] + 5; i++) {
 200:/home/max/chipwhisperer/firmware/mcu/simpleserial/simpleserial.c **** 		data_buf[i] = getch();
 201:/home/max/chipwhisperer/firmware/mcu/simpleserial/simpleserial.c **** 		if (data_buf[i] == FRAME_BYTE) {
 202:/home/max/chipwhisperer/firmware/mcu/simpleserial/simpleserial.c **** 			err = SS_ERR_FRAME_BYTE;
 203:/home/max/chipwhisperer/firmware/mcu/simpleserial/simpleserial.c **** 			goto ERROR;
 204:/home/max/chipwhisperer/firmware/mcu/simpleserial/simpleserial.c **** 		}
 205:/home/max/chipwhisperer/firmware/mcu/simpleserial/simpleserial.c **** 	}
 206:/home/max/chipwhisperer/firmware/mcu/simpleserial/simpleserial.c **** 
 207:/home/max/chipwhisperer/firmware/mcu/simpleserial/simpleserial.c **** 	//check that final byte is the FRAME_BYTE
 208:/home/max/chipwhisperer/firmware/mcu/simpleserial/simpleserial.c **** 	data_buf[i] = getch();
 209:/home/max/chipwhisperer/firmware/mcu/simpleserial/simpleserial.c **** 	if (data_buf[i] != FRAME_BYTE) {
 210:/home/max/chipwhisperer/firmware/mcu/simpleserial/simpleserial.c **** 		err = SS_ERR_LEN;
 211:/home/max/chipwhisperer/firmware/mcu/simpleserial/simpleserial.c **** 		goto ERROR;
 212:/home/max/chipwhisperer/firmware/mcu/simpleserial/simpleserial.c **** 	}
 213:/home/max/chipwhisperer/firmware/mcu/simpleserial/simpleserial.c **** 
 214:/home/max/chipwhisperer/firmware/mcu/simpleserial/simpleserial.c **** 	//fully unstuff data now
 215:/home/max/chipwhisperer/firmware/mcu/simpleserial/simpleserial.c **** 	unstuff_data(data_buf + next_frame, i - next_frame + 1);
 216:/home/max/chipwhisperer/firmware/mcu/simpleserial/simpleserial.c **** 
 217:/home/max/chipwhisperer/firmware/mcu/simpleserial/simpleserial.c **** 	//calc crc excluding original frame offset and frame end and crc
 218:/home/max/chipwhisperer/firmware/mcu/simpleserial/simpleserial.c **** 	uint8_t crc = ss_crc(data_buf+1, i-2);
 219:/home/max/chipwhisperer/firmware/mcu/simpleserial/simpleserial.c **** 	if (crc != data_buf[i-1]) {
 220:/home/max/chipwhisperer/firmware/mcu/simpleserial/simpleserial.c **** 		err = SS_ERR_CRC;
 221:/home/max/chipwhisperer/firmware/mcu/simpleserial/simpleserial.c **** 		goto ERROR;
 222:/home/max/chipwhisperer/firmware/mcu/simpleserial/simpleserial.c **** 	}
 223:/home/max/chipwhisperer/firmware/mcu/simpleserial/simpleserial.c **** 
 224:/home/max/chipwhisperer/firmware/mcu/simpleserial/simpleserial.c **** 	err = commands[c].fp(data_buf[1], data_buf[2], data_buf[3], data_buf+4);
 225:/home/max/chipwhisperer/firmware/mcu/simpleserial/simpleserial.c **** 
 226:/home/max/chipwhisperer/firmware/mcu/simpleserial/simpleserial.c **** ERROR:
 227:/home/max/chipwhisperer/firmware/mcu/simpleserial/simpleserial.c **** 	simpleserial_put('e', 0x01, &err);
 228:/home/max/chipwhisperer/firmware/mcu/simpleserial/simpleserial.c **** 	return;
 229:/home/max/chipwhisperer/firmware/mcu/simpleserial/simpleserial.c **** }
 230:/home/max/chipwhisperer/firmware/mcu/simpleserial/simpleserial.c **** 
 231:/home/max/chipwhisperer/firmware/mcu/simpleserial/simpleserial.c **** void simpleserial_put(char c, uint8_t size, uint8_t* output)
 232:/home/max/chipwhisperer/firmware/mcu/simpleserial/simpleserial.c **** {
 233:/home/max/chipwhisperer/firmware/mcu/simpleserial/simpleserial.c ****     if (!output) return;
 234:/home/max/chipwhisperer/firmware/mcu/simpleserial/simpleserial.c **** 	uint8_t data_buf[MAX_SS_LEN];
 235:/home/max/chipwhisperer/firmware/mcu/simpleserial/simpleserial.c **** 	data_buf[0] = 0x00;
 236:/home/max/chipwhisperer/firmware/mcu/simpleserial/simpleserial.c **** 	data_buf[1] = c;
 237:/home/max/chipwhisperer/firmware/mcu/simpleserial/simpleserial.c **** 	data_buf[2] = size;
 238:/home/max/chipwhisperer/firmware/mcu/simpleserial/simpleserial.c **** 	int i = 0;
 239:/home/max/chipwhisperer/firmware/mcu/simpleserial/simpleserial.c **** 	for (; i < size; i++) {
 240:/home/max/chipwhisperer/firmware/mcu/simpleserial/simpleserial.c **** 		data_buf[i + 3] = output[i];
 241:/home/max/chipwhisperer/firmware/mcu/simpleserial/simpleserial.c **** 	}
 242:/home/max/chipwhisperer/firmware/mcu/simpleserial/simpleserial.c **** 	data_buf[i + 3] = ss_crc(data_buf+1, size+2);
 243:/home/max/chipwhisperer/firmware/mcu/simpleserial/simpleserial.c **** 	data_buf[i + 4] = 0x00;
 244:/home/max/chipwhisperer/firmware/mcu/simpleserial/simpleserial.c **** 	stuff_data(data_buf, i + 5);
 245:/home/max/chipwhisperer/firmware/mcu/simpleserial/simpleserial.c **** 	for (int i = 0; i < size + 5; i++) {
 246:/home/max/chipwhisperer/firmware/mcu/simpleserial/simpleserial.c **** 		putch(data_buf[i]);
 247:/home/max/chipwhisperer/firmware/mcu/simpleserial/simpleserial.c **** 	}
 248:/home/max/chipwhisperer/firmware/mcu/simpleserial/simpleserial.c **** }
 249:/home/max/chipwhisperer/firmware/mcu/simpleserial/simpleserial.c **** 
 250:/home/max/chipwhisperer/firmware/mcu/simpleserial/simpleserial.c **** 
 251:/home/max/chipwhisperer/firmware/mcu/simpleserial/simpleserial.c **** #else
 252:/home/max/chipwhisperer/firmware/mcu/simpleserial/simpleserial.c **** 
 253:/home/max/chipwhisperer/firmware/mcu/simpleserial/simpleserial.c **** #define MAX_SS_LEN 64
 254:/home/max/chipwhisperer/firmware/mcu/simpleserial/simpleserial.c **** 
 255:/home/max/chipwhisperer/firmware/mcu/simpleserial/simpleserial.c **** typedef struct ss_cmd
 256:/home/max/chipwhisperer/firmware/mcu/simpleserial/simpleserial.c **** {
 257:/home/max/chipwhisperer/firmware/mcu/simpleserial/simpleserial.c **** 	char c;
 258:/home/max/chipwhisperer/firmware/mcu/simpleserial/simpleserial.c **** 	unsigned int len;
 259:/home/max/chipwhisperer/firmware/mcu/simpleserial/simpleserial.c **** 	uint8_t (*fp)(uint8_t*, uint8_t);
 260:/home/max/chipwhisperer/firmware/mcu/simpleserial/simpleserial.c **** 	uint8_t flags;
 261:/home/max/chipwhisperer/firmware/mcu/simpleserial/simpleserial.c **** } ss_cmd;
 262:/home/max/chipwhisperer/firmware/mcu/simpleserial/simpleserial.c **** static ss_cmd commands[MAX_SS_CMDS];
 263:/home/max/chipwhisperer/firmware/mcu/simpleserial/simpleserial.c **** // Callback function for "v" command.
 264:/home/max/chipwhisperer/firmware/mcu/simpleserial/simpleserial.c **** // This can exist in v1.0 as long as we don't actually send back an ack ("z")
 265:/home/max/chipwhisperer/firmware/mcu/simpleserial/simpleserial.c **** uint8_t check_version(uint8_t *v, uint8_t len)
 266:/home/max/chipwhisperer/firmware/mcu/simpleserial/simpleserial.c **** {
  28              		.loc 1 266 1 view -0
  29              		.cfi_startproc
  30              		@ args = 0, pretend = 0, frame = 0
  31              		@ frame_needed = 0, uses_anonymous_args = 0
  32              		@ link register save eliminated.
 267:/home/max/chipwhisperer/firmware/mcu/simpleserial/simpleserial.c **** 	return SS_VER;
  33              		.loc 1 267 2 view .LVU1
 268:/home/max/chipwhisperer/firmware/mcu/simpleserial/simpleserial.c **** }
  34              		.loc 1 268 1 is_stmt 0 view .LVU2
  35 0000 0120     		movs	r0, #1
  36              	.LVL1:
  37              		.loc 1 268 1 view .LVU3
  38 0002 7047     		bx	lr
  39              		.cfi_endproc
  40              	.LFE1:
  42              		.section	.text.simpleserial_put.part.0,"ax",%progbits
  43              		.align	1
  44              		.syntax unified
  45              		.thumb
  46              		.thumb_func
  48              	simpleserial_put.part.0:
  49              	.LVL2:
  50              	.LFB10:
 269:/home/max/chipwhisperer/firmware/mcu/simpleserial/simpleserial.c **** 
 270:/home/max/chipwhisperer/firmware/mcu/simpleserial/simpleserial.c **** uint8_t ss_num_commands(uint8_t *x, uint8_t len)
 271:/home/max/chipwhisperer/firmware/mcu/simpleserial/simpleserial.c **** {
 272:/home/max/chipwhisperer/firmware/mcu/simpleserial/simpleserial.c ****     uint8_t ncmds = num_commands & 0xFF;
 273:/home/max/chipwhisperer/firmware/mcu/simpleserial/simpleserial.c ****     simpleserial_put('r', 0x01, &ncmds);
 274:/home/max/chipwhisperer/firmware/mcu/simpleserial/simpleserial.c ****     return 0x00;
 275:/home/max/chipwhisperer/firmware/mcu/simpleserial/simpleserial.c **** }
 276:/home/max/chipwhisperer/firmware/mcu/simpleserial/simpleserial.c **** 
 277:/home/max/chipwhisperer/firmware/mcu/simpleserial/simpleserial.c **** typedef struct ss_cmd_repr {
 278:/home/max/chipwhisperer/firmware/mcu/simpleserial/simpleserial.c ****     uint8_t c;
 279:/home/max/chipwhisperer/firmware/mcu/simpleserial/simpleserial.c ****     uint8_t len;
 280:/home/max/chipwhisperer/firmware/mcu/simpleserial/simpleserial.c ****     uint8_t flags;
 281:/home/max/chipwhisperer/firmware/mcu/simpleserial/simpleserial.c **** } ss_cmd_repr;
 282:/home/max/chipwhisperer/firmware/mcu/simpleserial/simpleserial.c **** 
 283:/home/max/chipwhisperer/firmware/mcu/simpleserial/simpleserial.c **** uint8_t ss_get_commands(uint8_t *x, uint8_t len)
 284:/home/max/chipwhisperer/firmware/mcu/simpleserial/simpleserial.c **** {
 285:/home/max/chipwhisperer/firmware/mcu/simpleserial/simpleserial.c ****     ss_cmd_repr repr_cmd_buf[MAX_SS_CMDS];
 286:/home/max/chipwhisperer/firmware/mcu/simpleserial/simpleserial.c ****     for (uint8_t i = 0; i < (num_commands & 0xFF); i++) {
 287:/home/max/chipwhisperer/firmware/mcu/simpleserial/simpleserial.c ****         repr_cmd_buf[i].c = commands[i].c;
 288:/home/max/chipwhisperer/firmware/mcu/simpleserial/simpleserial.c ****         repr_cmd_buf[i].len = commands[i].len;
 289:/home/max/chipwhisperer/firmware/mcu/simpleserial/simpleserial.c ****         repr_cmd_buf[i].flags = commands[i].flags;
 290:/home/max/chipwhisperer/firmware/mcu/simpleserial/simpleserial.c ****     }
 291:/home/max/chipwhisperer/firmware/mcu/simpleserial/simpleserial.c **** 
 292:/home/max/chipwhisperer/firmware/mcu/simpleserial/simpleserial.c ****     simpleserial_put('r', num_commands * sizeof (ss_cmd_repr), (void *) repr_cmd_buf);
 293:/home/max/chipwhisperer/firmware/mcu/simpleserial/simpleserial.c ****     return 0x00;
 294:/home/max/chipwhisperer/firmware/mcu/simpleserial/simpleserial.c **** }
 295:/home/max/chipwhisperer/firmware/mcu/simpleserial/simpleserial.c **** 
 296:/home/max/chipwhisperer/firmware/mcu/simpleserial/simpleserial.c **** static char hex_lookup[16] =
 297:/home/max/chipwhisperer/firmware/mcu/simpleserial/simpleserial.c **** {
 298:/home/max/chipwhisperer/firmware/mcu/simpleserial/simpleserial.c **** 	'0', '1', '2', '3', '4', '5', '6', '7',
 299:/home/max/chipwhisperer/firmware/mcu/simpleserial/simpleserial.c **** 	'8', '9', 'A', 'B', 'C', 'D', 'E', 'F'
 300:/home/max/chipwhisperer/firmware/mcu/simpleserial/simpleserial.c **** };
 301:/home/max/chipwhisperer/firmware/mcu/simpleserial/simpleserial.c **** 
 302:/home/max/chipwhisperer/firmware/mcu/simpleserial/simpleserial.c **** int hex_decode(int len, char* ascii_buf, uint8_t* data_buf)
 303:/home/max/chipwhisperer/firmware/mcu/simpleserial/simpleserial.c **** {
 304:/home/max/chipwhisperer/firmware/mcu/simpleserial/simpleserial.c **** 	for(int i = 0; i < len; i++)
 305:/home/max/chipwhisperer/firmware/mcu/simpleserial/simpleserial.c **** 	{
 306:/home/max/chipwhisperer/firmware/mcu/simpleserial/simpleserial.c **** 		char n_hi = ascii_buf[2*i];
 307:/home/max/chipwhisperer/firmware/mcu/simpleserial/simpleserial.c **** 		char n_lo = ascii_buf[2*i+1];
 308:/home/max/chipwhisperer/firmware/mcu/simpleserial/simpleserial.c **** 
 309:/home/max/chipwhisperer/firmware/mcu/simpleserial/simpleserial.c **** 		if(n_lo >= '0' && n_lo <= '9')
 310:/home/max/chipwhisperer/firmware/mcu/simpleserial/simpleserial.c **** 			data_buf[i] = n_lo - '0';
 311:/home/max/chipwhisperer/firmware/mcu/simpleserial/simpleserial.c **** 		else if(n_lo >= 'A' && n_lo <= 'F')
 312:/home/max/chipwhisperer/firmware/mcu/simpleserial/simpleserial.c **** 			data_buf[i] = n_lo - 'A' + 10;
 313:/home/max/chipwhisperer/firmware/mcu/simpleserial/simpleserial.c **** 		else if(n_lo >= 'a' && n_lo <= 'f')
 314:/home/max/chipwhisperer/firmware/mcu/simpleserial/simpleserial.c **** 			data_buf[i] = n_lo - 'a' + 10;
 315:/home/max/chipwhisperer/firmware/mcu/simpleserial/simpleserial.c **** 		else
 316:/home/max/chipwhisperer/firmware/mcu/simpleserial/simpleserial.c **** 			return 1;
 317:/home/max/chipwhisperer/firmware/mcu/simpleserial/simpleserial.c **** 
 318:/home/max/chipwhisperer/firmware/mcu/simpleserial/simpleserial.c **** 		if(n_hi >= '0' && n_hi <= '9')
 319:/home/max/chipwhisperer/firmware/mcu/simpleserial/simpleserial.c **** 			data_buf[i] |= (n_hi - '0') << 4;
 320:/home/max/chipwhisperer/firmware/mcu/simpleserial/simpleserial.c **** 		else if(n_hi >= 'A' && n_hi <= 'F')
 321:/home/max/chipwhisperer/firmware/mcu/simpleserial/simpleserial.c **** 			data_buf[i] |= (n_hi - 'A' + 10) << 4;
 322:/home/max/chipwhisperer/firmware/mcu/simpleserial/simpleserial.c **** 		else if(n_hi >= 'a' && n_hi <= 'f')
 323:/home/max/chipwhisperer/firmware/mcu/simpleserial/simpleserial.c **** 			data_buf[i] |= (n_hi - 'a' + 10) << 4;
 324:/home/max/chipwhisperer/firmware/mcu/simpleserial/simpleserial.c **** 		else
 325:/home/max/chipwhisperer/firmware/mcu/simpleserial/simpleserial.c **** 			return 1;
 326:/home/max/chipwhisperer/firmware/mcu/simpleserial/simpleserial.c **** 	}
 327:/home/max/chipwhisperer/firmware/mcu/simpleserial/simpleserial.c **** 
 328:/home/max/chipwhisperer/firmware/mcu/simpleserial/simpleserial.c **** 	return 0;
 329:/home/max/chipwhisperer/firmware/mcu/simpleserial/simpleserial.c **** }
 330:/home/max/chipwhisperer/firmware/mcu/simpleserial/simpleserial.c **** 
 331:/home/max/chipwhisperer/firmware/mcu/simpleserial/simpleserial.c **** 
 332:/home/max/chipwhisperer/firmware/mcu/simpleserial/simpleserial.c **** 
 333:/home/max/chipwhisperer/firmware/mcu/simpleserial/simpleserial.c **** // Set up the SimpleSerial module by preparing internal commands
 334:/home/max/chipwhisperer/firmware/mcu/simpleserial/simpleserial.c **** // This just adds the "v" command for now...
 335:/home/max/chipwhisperer/firmware/mcu/simpleserial/simpleserial.c **** void simpleserial_init()
 336:/home/max/chipwhisperer/firmware/mcu/simpleserial/simpleserial.c **** {
 337:/home/max/chipwhisperer/firmware/mcu/simpleserial/simpleserial.c **** 	simpleserial_addcmd('v', 0, check_version);
 338:/home/max/chipwhisperer/firmware/mcu/simpleserial/simpleserial.c ****     simpleserial_addcmd('w', 0, ss_get_commands);
 339:/home/max/chipwhisperer/firmware/mcu/simpleserial/simpleserial.c ****     simpleserial_addcmd('y', 0, ss_num_commands);
 340:/home/max/chipwhisperer/firmware/mcu/simpleserial/simpleserial.c **** }
 341:/home/max/chipwhisperer/firmware/mcu/simpleserial/simpleserial.c **** 
 342:/home/max/chipwhisperer/firmware/mcu/simpleserial/simpleserial.c **** int simpleserial_addcmd(char c, unsigned int len, uint8_t (*fp)(uint8_t*, uint8_t))
 343:/home/max/chipwhisperer/firmware/mcu/simpleserial/simpleserial.c **** {
 344:/home/max/chipwhisperer/firmware/mcu/simpleserial/simpleserial.c **** 	return simpleserial_addcmd_flags(c, len, fp, CMD_FLAG_NONE);
 345:/home/max/chipwhisperer/firmware/mcu/simpleserial/simpleserial.c **** }
 346:/home/max/chipwhisperer/firmware/mcu/simpleserial/simpleserial.c **** 
 347:/home/max/chipwhisperer/firmware/mcu/simpleserial/simpleserial.c **** int simpleserial_addcmd_flags(char c, unsigned int len, uint8_t (*fp)(uint8_t*, uint8_t), uint8_t f
 348:/home/max/chipwhisperer/firmware/mcu/simpleserial/simpleserial.c **** {
 349:/home/max/chipwhisperer/firmware/mcu/simpleserial/simpleserial.c **** 	if(num_commands >= MAX_SS_CMDS)
 350:/home/max/chipwhisperer/firmware/mcu/simpleserial/simpleserial.c **** 		return 1;
 351:/home/max/chipwhisperer/firmware/mcu/simpleserial/simpleserial.c **** 
 352:/home/max/chipwhisperer/firmware/mcu/simpleserial/simpleserial.c **** 	if(len >= MAX_SS_LEN)
 353:/home/max/chipwhisperer/firmware/mcu/simpleserial/simpleserial.c **** 		return 1;
 354:/home/max/chipwhisperer/firmware/mcu/simpleserial/simpleserial.c **** 
 355:/home/max/chipwhisperer/firmware/mcu/simpleserial/simpleserial.c **** 	commands[num_commands].c   = c;
 356:/home/max/chipwhisperer/firmware/mcu/simpleserial/simpleserial.c **** 	commands[num_commands].len = len;
 357:/home/max/chipwhisperer/firmware/mcu/simpleserial/simpleserial.c **** 	commands[num_commands].fp  = fp;
 358:/home/max/chipwhisperer/firmware/mcu/simpleserial/simpleserial.c **** 	commands[num_commands].flags = fl;
 359:/home/max/chipwhisperer/firmware/mcu/simpleserial/simpleserial.c **** 	num_commands++;
 360:/home/max/chipwhisperer/firmware/mcu/simpleserial/simpleserial.c **** 
 361:/home/max/chipwhisperer/firmware/mcu/simpleserial/simpleserial.c **** 	return 0;
 362:/home/max/chipwhisperer/firmware/mcu/simpleserial/simpleserial.c **** }
 363:/home/max/chipwhisperer/firmware/mcu/simpleserial/simpleserial.c **** 
 364:/home/max/chipwhisperer/firmware/mcu/simpleserial/simpleserial.c **** void simpleserial_get(void)
 365:/home/max/chipwhisperer/firmware/mcu/simpleserial/simpleserial.c **** {
 366:/home/max/chipwhisperer/firmware/mcu/simpleserial/simpleserial.c **** 	char ascii_buf[2*MAX_SS_LEN];
 367:/home/max/chipwhisperer/firmware/mcu/simpleserial/simpleserial.c **** 	uint8_t data_buf[MAX_SS_LEN];
 368:/home/max/chipwhisperer/firmware/mcu/simpleserial/simpleserial.c **** 	char c;
 369:/home/max/chipwhisperer/firmware/mcu/simpleserial/simpleserial.c **** 
 370:/home/max/chipwhisperer/firmware/mcu/simpleserial/simpleserial.c **** 	// Find which command we're receiving
 371:/home/max/chipwhisperer/firmware/mcu/simpleserial/simpleserial.c **** 	c = getch();
 372:/home/max/chipwhisperer/firmware/mcu/simpleserial/simpleserial.c **** 
 373:/home/max/chipwhisperer/firmware/mcu/simpleserial/simpleserial.c **** 	int cmd;
 374:/home/max/chipwhisperer/firmware/mcu/simpleserial/simpleserial.c **** 	for(cmd = 0; cmd < num_commands; cmd++)
 375:/home/max/chipwhisperer/firmware/mcu/simpleserial/simpleserial.c **** 	{
 376:/home/max/chipwhisperer/firmware/mcu/simpleserial/simpleserial.c **** 		if(commands[cmd].c == c)
 377:/home/max/chipwhisperer/firmware/mcu/simpleserial/simpleserial.c **** 			break;
 378:/home/max/chipwhisperer/firmware/mcu/simpleserial/simpleserial.c **** 	}
 379:/home/max/chipwhisperer/firmware/mcu/simpleserial/simpleserial.c **** 
 380:/home/max/chipwhisperer/firmware/mcu/simpleserial/simpleserial.c **** 	// If we didn't find a match, give up right away
 381:/home/max/chipwhisperer/firmware/mcu/simpleserial/simpleserial.c **** 	if(cmd == num_commands)
 382:/home/max/chipwhisperer/firmware/mcu/simpleserial/simpleserial.c **** 		return;
 383:/home/max/chipwhisperer/firmware/mcu/simpleserial/simpleserial.c **** 
 384:/home/max/chipwhisperer/firmware/mcu/simpleserial/simpleserial.c **** 	// If flag CMD_FLAG_LEN is set, the next byte indicates the sent length
 385:/home/max/chipwhisperer/firmware/mcu/simpleserial/simpleserial.c **** 	if ((commands[cmd].flags & CMD_FLAG_LEN) != 0)
 386:/home/max/chipwhisperer/firmware/mcu/simpleserial/simpleserial.c **** 	{
 387:/home/max/chipwhisperer/firmware/mcu/simpleserial/simpleserial.c **** 		uint8_t l = 0;
 388:/home/max/chipwhisperer/firmware/mcu/simpleserial/simpleserial.c **** 		char buff[2];
 389:/home/max/chipwhisperer/firmware/mcu/simpleserial/simpleserial.c **** 		buff[0] = getch();
 390:/home/max/chipwhisperer/firmware/mcu/simpleserial/simpleserial.c **** 		buff[1] = getch();
 391:/home/max/chipwhisperer/firmware/mcu/simpleserial/simpleserial.c **** 		if (hex_decode(1, buff, &l))
 392:/home/max/chipwhisperer/firmware/mcu/simpleserial/simpleserial.c **** 			return;
 393:/home/max/chipwhisperer/firmware/mcu/simpleserial/simpleserial.c **** 		commands[cmd].len = l;
 394:/home/max/chipwhisperer/firmware/mcu/simpleserial/simpleserial.c **** 	}
 395:/home/max/chipwhisperer/firmware/mcu/simpleserial/simpleserial.c **** 
 396:/home/max/chipwhisperer/firmware/mcu/simpleserial/simpleserial.c **** 	// Receive characters until we fill the ASCII buffer
 397:/home/max/chipwhisperer/firmware/mcu/simpleserial/simpleserial.c **** 	for(int i = 0; i < 2*commands[cmd].len; i++)
 398:/home/max/chipwhisperer/firmware/mcu/simpleserial/simpleserial.c **** 	{
 399:/home/max/chipwhisperer/firmware/mcu/simpleserial/simpleserial.c **** 		c = getch();
 400:/home/max/chipwhisperer/firmware/mcu/simpleserial/simpleserial.c **** 
 401:/home/max/chipwhisperer/firmware/mcu/simpleserial/simpleserial.c **** 		// Check for early \n
 402:/home/max/chipwhisperer/firmware/mcu/simpleserial/simpleserial.c **** 		if(c == '\n' || c == '\r')
 403:/home/max/chipwhisperer/firmware/mcu/simpleserial/simpleserial.c **** 			return;
 404:/home/max/chipwhisperer/firmware/mcu/simpleserial/simpleserial.c **** 
 405:/home/max/chipwhisperer/firmware/mcu/simpleserial/simpleserial.c **** 		ascii_buf[i] = c;
 406:/home/max/chipwhisperer/firmware/mcu/simpleserial/simpleserial.c **** 	}
 407:/home/max/chipwhisperer/firmware/mcu/simpleserial/simpleserial.c **** 
 408:/home/max/chipwhisperer/firmware/mcu/simpleserial/simpleserial.c **** 	// Assert that last character is \n or \r
 409:/home/max/chipwhisperer/firmware/mcu/simpleserial/simpleserial.c **** 	c = getch();
 410:/home/max/chipwhisperer/firmware/mcu/simpleserial/simpleserial.c **** 	if(c != '\n' && c != '\r')
 411:/home/max/chipwhisperer/firmware/mcu/simpleserial/simpleserial.c **** 		return;
 412:/home/max/chipwhisperer/firmware/mcu/simpleserial/simpleserial.c **** 
 413:/home/max/chipwhisperer/firmware/mcu/simpleserial/simpleserial.c **** 	// ASCII buffer is full: convert to bytes
 414:/home/max/chipwhisperer/firmware/mcu/simpleserial/simpleserial.c **** 	// Check for illegal characters here
 415:/home/max/chipwhisperer/firmware/mcu/simpleserial/simpleserial.c **** 	if(hex_decode(commands[cmd].len, ascii_buf, data_buf))
 416:/home/max/chipwhisperer/firmware/mcu/simpleserial/simpleserial.c **** 		return;
 417:/home/max/chipwhisperer/firmware/mcu/simpleserial/simpleserial.c **** 
 418:/home/max/chipwhisperer/firmware/mcu/simpleserial/simpleserial.c **** 	// Callback
 419:/home/max/chipwhisperer/firmware/mcu/simpleserial/simpleserial.c **** 	uint8_t ret[1];
 420:/home/max/chipwhisperer/firmware/mcu/simpleserial/simpleserial.c **** 	ret[0] = commands[cmd].fp(data_buf, commands[cmd].len);
 421:/home/max/chipwhisperer/firmware/mcu/simpleserial/simpleserial.c **** 
 422:/home/max/chipwhisperer/firmware/mcu/simpleserial/simpleserial.c **** 	// Acknowledge (if version is 1.1)
 423:/home/max/chipwhisperer/firmware/mcu/simpleserial/simpleserial.c **** #if SS_VER == SS_VER_1_1
 424:/home/max/chipwhisperer/firmware/mcu/simpleserial/simpleserial.c **** 	simpleserial_put('z', 1, ret);
 425:/home/max/chipwhisperer/firmware/mcu/simpleserial/simpleserial.c **** #endif
 426:/home/max/chipwhisperer/firmware/mcu/simpleserial/simpleserial.c **** }
 427:/home/max/chipwhisperer/firmware/mcu/simpleserial/simpleserial.c **** 
 428:/home/max/chipwhisperer/firmware/mcu/simpleserial/simpleserial.c **** void simpleserial_put(char c, uint8_t size, uint8_t* output)
  51              		.loc 1 428 6 is_stmt 1 view -0
  52              		.cfi_startproc
  53              		@ args = 0, pretend = 0, frame = 0
  54              		@ frame_needed = 0, uses_anonymous_args = 0
  55              		.loc 1 428 6 is_stmt 0 view .LVU5
  56 0000 F8B5     		push	{r3, r4, r5, r6, r7, lr}
  57              	.LCFI0:
  58              		.cfi_def_cfa_offset 24
  59              		.cfi_offset 3, -24
  60              		.cfi_offset 4, -20
  61              		.cfi_offset 5, -16
  62              		.cfi_offset 6, -12
  63              		.cfi_offset 7, -8
  64              		.cfi_offset 14, -4
  65              		.loc 1 428 6 view .LVU6
  66 0002 0E46     		mov	r6, r1
 429:/home/max/chipwhisperer/firmware/mcu/simpleserial/simpleserial.c **** {
 430:/home/max/chipwhisperer/firmware/mcu/simpleserial/simpleserial.c **** 	// Write first character
 431:/home/max/chipwhisperer/firmware/mcu/simpleserial/simpleserial.c ****     if (!output) return;
 432:/home/max/chipwhisperer/firmware/mcu/simpleserial/simpleserial.c **** 	putch(c);
  67              		.loc 1 432 2 is_stmt 1 view .LVU7
  68 0004 541E     		subs	r4, r2, #1
  69              	.LBB12:
 433:/home/max/chipwhisperer/firmware/mcu/simpleserial/simpleserial.c **** 
 434:/home/max/chipwhisperer/firmware/mcu/simpleserial/simpleserial.c **** 	// Write each byte as two nibbles
 435:/home/max/chipwhisperer/firmware/mcu/simpleserial/simpleserial.c **** 	for(int i = 0; i < size; i++)
  70              		.loc 1 435 19 is_stmt 0 discriminator 1 view .LVU8
  71 0006 C2F10105 		rsb	r5, r2, #1
  72              	.LBE12:
 432:/home/max/chipwhisperer/firmware/mcu/simpleserial/simpleserial.c **** 
  73              		.loc 1 432 2 view .LVU9
  74 000a FFF7FEFF 		bl	putch
  75              	.LVL3:
  76              		.loc 1 435 2 is_stmt 1 view .LVU10
  77              	.LBB13:
  78              		.loc 1 435 6 view .LVU11
 436:/home/max/chipwhisperer/firmware/mcu/simpleserial/simpleserial.c **** 	{
 437:/home/max/chipwhisperer/firmware/mcu/simpleserial/simpleserial.c **** 		putch(hex_lookup[output[i] >> 4 ]);
  79              		.loc 1 437 3 is_stmt 0 view .LVU12
  80 000e 0B4F     		ldr	r7, .L5
  81              	.LVL4:
  82              	.L3:
 435:/home/max/chipwhisperer/firmware/mcu/simpleserial/simpleserial.c **** 	{
  83              		.loc 1 435 19 is_stmt 1 discriminator 1 view .LVU13
  84 0010 2B19     		adds	r3, r5, r4
  85 0012 9E42     		cmp	r6, r3
  86 0014 04DC     		bgt	.L4
  87              	.LBE13:
 438:/home/max/chipwhisperer/firmware/mcu/simpleserial/simpleserial.c **** 		putch(hex_lookup[output[i] & 0xF]);
 439:/home/max/chipwhisperer/firmware/mcu/simpleserial/simpleserial.c **** 	}
 440:/home/max/chipwhisperer/firmware/mcu/simpleserial/simpleserial.c **** 
 441:/home/max/chipwhisperer/firmware/mcu/simpleserial/simpleserial.c **** 	// Write trailing '\n'
 442:/home/max/chipwhisperer/firmware/mcu/simpleserial/simpleserial.c **** 	putch('\n');
  88              		.loc 1 442 2 view .LVU14
 443:/home/max/chipwhisperer/firmware/mcu/simpleserial/simpleserial.c **** }
  89              		.loc 1 443 1 is_stmt 0 view .LVU15
  90 0016 BDE8F840 		pop	{r3, r4, r5, r6, r7, lr}
  91              	.LCFI1:
  92              		.cfi_remember_state
  93              		.cfi_restore 14
  94              		.cfi_restore 7
  95              		.cfi_restore 6
  96              		.cfi_restore 5
  97              		.cfi_restore 4
  98              		.cfi_restore 3
  99              		.cfi_def_cfa_offset 0
 100              	.LVL5:
 442:/home/max/chipwhisperer/firmware/mcu/simpleserial/simpleserial.c **** }
 101              		.loc 1 442 2 view .LVU16
 102 001a 0A20     		movs	r0, #10
 103 001c FFF7FEBF 		b	putch
 104              	.LVL6:
 105              	.L4:
 106              	.LCFI2:
 107              		.cfi_restore_state
 108              	.LBB14:
 437:/home/max/chipwhisperer/firmware/mcu/simpleserial/simpleserial.c **** 		putch(hex_lookup[output[i] & 0xF]);
 109              		.loc 1 437 3 is_stmt 1 view .LVU17
 437:/home/max/chipwhisperer/firmware/mcu/simpleserial/simpleserial.c **** 		putch(hex_lookup[output[i] & 0xF]);
 110              		.loc 1 437 30 is_stmt 0 view .LVU18
 111 0020 14F8013F 		ldrb	r3, [r4, #1]!	@ zero_extendqisi2
 112              	.LVL7:
 437:/home/max/chipwhisperer/firmware/mcu/simpleserial/simpleserial.c **** 		putch(hex_lookup[output[i] & 0xF]);
 113              		.loc 1 437 30 view .LVU19
 114 0024 1B09     		lsrs	r3, r3, #4
 437:/home/max/chipwhisperer/firmware/mcu/simpleserial/simpleserial.c **** 		putch(hex_lookup[output[i] & 0xF]);
 115              		.loc 1 437 3 view .LVU20
 116 0026 F85C     		ldrb	r0, [r7, r3]	@ zero_extendqisi2
 117 0028 FFF7FEFF 		bl	putch
 118              	.LVL8:
 438:/home/max/chipwhisperer/firmware/mcu/simpleserial/simpleserial.c **** 	}
 119              		.loc 1 438 3 is_stmt 1 view .LVU21
 438:/home/max/chipwhisperer/firmware/mcu/simpleserial/simpleserial.c **** 	}
 120              		.loc 1 438 30 is_stmt 0 view .LVU22
 121 002c 2378     		ldrb	r3, [r4]	@ zero_extendqisi2
 122 002e 03F00F03 		and	r3, r3, #15
 438:/home/max/chipwhisperer/firmware/mcu/simpleserial/simpleserial.c **** 	}
 123              		.loc 1 438 3 view .LVU23
 124 0032 F85C     		ldrb	r0, [r7, r3]	@ zero_extendqisi2
 125 0034 FFF7FEFF 		bl	putch
 126              	.LVL9:
 435:/home/max/chipwhisperer/firmware/mcu/simpleserial/simpleserial.c **** 	{
 127              		.loc 1 435 28 is_stmt 1 discriminator 3 view .LVU24
 128 0038 EAE7     		b	.L3
 129              	.L6:
 130 003a 00BF     		.align	2
 131              	.L5:
 132 003c 00000000 		.word	.LANCHOR0
 133              	.LBE14:
 134              		.cfi_endproc
 135              	.LFE10:
 137              		.section	.text.ss_num_commands,"ax",%progbits
 138              		.align	1
 139              		.global	ss_num_commands
 140              		.syntax unified
 141              		.thumb
 142              		.thumb_func
 144              	ss_num_commands:
 145              	.LVL10:
 146              	.LFB2:
 271:/home/max/chipwhisperer/firmware/mcu/simpleserial/simpleserial.c ****     uint8_t ncmds = num_commands & 0xFF;
 147              		.loc 1 271 1 view -0
 148              		.cfi_startproc
 149              		@ args = 0, pretend = 0, frame = 8
 150              		@ frame_needed = 0, uses_anonymous_args = 0
 272:/home/max/chipwhisperer/firmware/mcu/simpleserial/simpleserial.c ****     simpleserial_put('r', 0x01, &ncmds);
 151              		.loc 1 272 5 view .LVU26
 271:/home/max/chipwhisperer/firmware/mcu/simpleserial/simpleserial.c ****     uint8_t ncmds = num_commands & 0xFF;
 152              		.loc 1 271 1 is_stmt 0 view .LVU27
 153 0000 07B5     		push	{r0, r1, r2, lr}
 154              	.LCFI3:
 155              		.cfi_def_cfa_offset 16
 156              		.cfi_offset 14, -4
 272:/home/max/chipwhisperer/firmware/mcu/simpleserial/simpleserial.c ****     simpleserial_put('r', 0x01, &ncmds);
 157              		.loc 1 272 13 view .LVU28
 158 0002 064B     		ldr	r3, .L8
 159              	.LBB15:
 160              	.LBB16:
 161 0004 0DF10702 		add	r2, sp, #7
 162              	.LBE16:
 163              	.LBE15:
 164 0008 1B68     		ldr	r3, [r3]
 165 000a 8DF80730 		strb	r3, [sp, #7]
 273:/home/max/chipwhisperer/firmware/mcu/simpleserial/simpleserial.c ****     return 0x00;
 166              		.loc 1 273 5 is_stmt 1 view .LVU29
 167              	.LVL11:
 168              	.LBB18:
 169              	.LBI15:
 428:/home/max/chipwhisperer/firmware/mcu/simpleserial/simpleserial.c **** {
 170              		.loc 1 428 6 view .LVU30
 171              	.LBB17:
 431:/home/max/chipwhisperer/firmware/mcu/simpleserial/simpleserial.c **** 	putch(c);
 172              		.loc 1 431 5 view .LVU31
 173 000e 0121     		movs	r1, #1
 174              	.LVL12:
 431:/home/max/chipwhisperer/firmware/mcu/simpleserial/simpleserial.c **** 	putch(c);
 175              		.loc 1 431 5 is_stmt 0 view .LVU32
 176 0010 7220     		movs	r0, #114
 177              	.LVL13:
 431:/home/max/chipwhisperer/firmware/mcu/simpleserial/simpleserial.c **** 	putch(c);
 178              		.loc 1 431 5 view .LVU33
 179 0012 FFF7FEFF 		bl	simpleserial_put.part.0
 180              	.LVL14:
 431:/home/max/chipwhisperer/firmware/mcu/simpleserial/simpleserial.c **** 	putch(c);
 181              		.loc 1 431 5 view .LVU34
 182              	.LBE17:
 183              	.LBE18:
 274:/home/max/chipwhisperer/firmware/mcu/simpleserial/simpleserial.c **** }
 184              		.loc 1 274 5 is_stmt 1 view .LVU35
 275:/home/max/chipwhisperer/firmware/mcu/simpleserial/simpleserial.c **** 
 185              		.loc 1 275 1 is_stmt 0 view .LVU36
 186 0016 0020     		movs	r0, #0
 187 0018 03B0     		add	sp, sp, #12
 188              	.LCFI4:
 189              		.cfi_def_cfa_offset 4
 190              		@ sp needed
 191 001a 00BD     		pop	{pc}
 192              	.L9:
 193              		.align	2
 194              	.L8:
 195 001c 00000000 		.word	.LANCHOR1
 196              		.cfi_endproc
 197              	.LFE2:
 199              		.section	.text.ss_get_commands,"ax",%progbits
 200              		.align	1
 201              		.global	ss_get_commands
 202              		.syntax unified
 203              		.thumb
 204              		.thumb_func
 206              	ss_get_commands:
 207              	.LVL15:
 208              	.LFB3:
 284:/home/max/chipwhisperer/firmware/mcu/simpleserial/simpleserial.c ****     ss_cmd_repr repr_cmd_buf[MAX_SS_CMDS];
 209              		.loc 1 284 1 is_stmt 1 view -0
 210              		.cfi_startproc
 211              		@ args = 0, pretend = 0, frame = 96
 212              		@ frame_needed = 0, uses_anonymous_args = 0
 285:/home/max/chipwhisperer/firmware/mcu/simpleserial/simpleserial.c ****     for (uint8_t i = 0; i < (num_commands & 0xFF); i++) {
 213              		.loc 1 285 5 view .LVU38
 286:/home/max/chipwhisperer/firmware/mcu/simpleserial/simpleserial.c ****         repr_cmd_buf[i].c = commands[i].c;
 214              		.loc 1 286 5 view .LVU39
 215              	.LBB19:
 286:/home/max/chipwhisperer/firmware/mcu/simpleserial/simpleserial.c ****         repr_cmd_buf[i].c = commands[i].c;
 216              		.loc 1 286 10 view .LVU40
 286:/home/max/chipwhisperer/firmware/mcu/simpleserial/simpleserial.c ****         repr_cmd_buf[i].c = commands[i].c;
 217              		.loc 1 286 10 is_stmt 0 view .LVU41
 218              	.LBE19:
 284:/home/max/chipwhisperer/firmware/mcu/simpleserial/simpleserial.c ****     ss_cmd_repr repr_cmd_buf[MAX_SS_CMDS];
 219              		.loc 1 284 1 view .LVU42
 220 0000 70B5     		push	{r4, r5, r6, lr}
 221              	.LCFI5:
 222              		.cfi_def_cfa_offset 16
 223              		.cfi_offset 4, -16
 224              		.cfi_offset 5, -12
 225              		.cfi_offset 6, -8
 226              		.cfi_offset 14, -4
 227              	.LBB20:
 286:/home/max/chipwhisperer/firmware/mcu/simpleserial/simpleserial.c ****         repr_cmd_buf[i].c = commands[i].c;
 228              		.loc 1 286 43 discriminator 1 view .LVU43
 229 0002 114C     		ldr	r4, .L13
 230 0004 2168     		ldr	r1, [r4]
 231              	.LVL16:
 286:/home/max/chipwhisperer/firmware/mcu/simpleserial/simpleserial.c ****         repr_cmd_buf[i].c = commands[i].c;
 232              		.loc 1 286 43 discriminator 1 view .LVU44
 233              	.LBE20:
 284:/home/max/chipwhisperer/firmware/mcu/simpleserial/simpleserial.c ****     ss_cmd_repr repr_cmd_buf[MAX_SS_CMDS];
 234              		.loc 1 284 1 view .LVU45
 235 0006 98B0     		sub	sp, sp, #96
 236              	.LCFI6:
 237              		.cfi_def_cfa_offset 112
 238              	.LBB21:
 286:/home/max/chipwhisperer/firmware/mcu/simpleserial/simpleserial.c ****         repr_cmd_buf[i].c = commands[i].c;
 239              		.loc 1 286 43 discriminator 1 view .LVU46
 240 0008 CDB2     		uxtb	r5, r1
 286:/home/max/chipwhisperer/firmware/mcu/simpleserial/simpleserial.c ****         repr_cmd_buf[i].c = commands[i].c;
 241              		.loc 1 286 5 view .LVU47
 242 000a 0020     		movs	r0, #0
 243              	.LVL17:
 244              	.L11:
 286:/home/max/chipwhisperer/firmware/mcu/simpleserial/simpleserial.c ****         repr_cmd_buf[i].c = commands[i].c;
 245              		.loc 1 286 27 is_stmt 1 discriminator 1 view .LVU48
 246 000c C3B2     		uxtb	r3, r0
 247 000e AB42     		cmp	r3, r5
 248 0010 09DB     		blt	.L12
 249              	.LBE21:
 292:/home/max/chipwhisperer/firmware/mcu/simpleserial/simpleserial.c ****     return 0x00;
 250              		.loc 1 292 5 view .LVU49
 251              	.LVL18:
 252              	.LBB22:
 253              	.LBI22:
 428:/home/max/chipwhisperer/firmware/mcu/simpleserial/simpleserial.c **** {
 254              		.loc 1 428 6 view .LVU50
 255              	.LBB23:
 431:/home/max/chipwhisperer/firmware/mcu/simpleserial/simpleserial.c **** 	putch(c);
 256              		.loc 1 431 5 view .LVU51
 257              	.LBE23:
 258              	.LBE22:
 292:/home/max/chipwhisperer/firmware/mcu/simpleserial/simpleserial.c ****     return 0x00;
 259              		.loc 1 292 5 is_stmt 0 view .LVU52
 260 0012 01EB4101 		add	r1, r1, r1, lsl #1
 261              	.LVL19:
 262              	.LBB25:
 263              	.LBB24:
 292:/home/max/chipwhisperer/firmware/mcu/simpleserial/simpleserial.c ****     return 0x00;
 264              		.loc 1 292 5 view .LVU53
 265 0016 6A46     		mov	r2, sp
 266 0018 C9B2     		uxtb	r1, r1
 267 001a 7220     		movs	r0, #114
 268              	.LVL20:
 292:/home/max/chipwhisperer/firmware/mcu/simpleserial/simpleserial.c ****     return 0x00;
 269              		.loc 1 292 5 view .LVU54
 270 001c FFF7FEFF 		bl	simpleserial_put.part.0
 271              	.LVL21:
 292:/home/max/chipwhisperer/firmware/mcu/simpleserial/simpleserial.c ****     return 0x00;
 272              		.loc 1 292 5 view .LVU55
 273              	.LBE24:
 274              	.LBE25:
 293:/home/max/chipwhisperer/firmware/mcu/simpleserial/simpleserial.c **** }
 275              		.loc 1 293 5 is_stmt 1 view .LVU56
 294:/home/max/chipwhisperer/firmware/mcu/simpleserial/simpleserial.c **** 
 276              		.loc 1 294 1 is_stmt 0 view .LVU57
 277 0020 0020     		movs	r0, #0
 278 0022 18B0     		add	sp, sp, #96
 279              	.LCFI7:
 280              		.cfi_remember_state
 281              		.cfi_def_cfa_offset 16
 282              		@ sp needed
 283 0024 70BD     		pop	{r4, r5, r6, pc}
 284              	.LVL22:
 285              	.L12:
 286              	.LCFI8:
 287              		.cfi_restore_state
 288              	.LBB26:
 287:/home/max/chipwhisperer/firmware/mcu/simpleserial/simpleserial.c ****         repr_cmd_buf[i].len = commands[i].len;
 289              		.loc 1 287 27 view .LVU58
 290 0026 03EB4302 		add	r2, r3, r3, lsl #1
 291 002a 6032     		adds	r2, r2, #96
 287:/home/max/chipwhisperer/firmware/mcu/simpleserial/simpleserial.c ****         repr_cmd_buf[i].len = commands[i].len;
 292              		.loc 1 287 40 view .LVU59
 293 002c 04EB0313 		add	r3, r4, r3, lsl #4
 287:/home/max/chipwhisperer/firmware/mcu/simpleserial/simpleserial.c ****         repr_cmd_buf[i].len = commands[i].len;
 294              		.loc 1 287 27 view .LVU60
 295 0030 6A44     		add	r2, sp, r2
 296 0032 1E79     		ldrb	r6, [r3, #4]	@ zero_extendqisi2
 297 0034 02F8606C 		strb	r6, [r2, #-96]
 288:/home/max/chipwhisperer/firmware/mcu/simpleserial/simpleserial.c ****         repr_cmd_buf[i].flags = commands[i].flags;
 298              		.loc 1 288 29 view .LVU61
 299 0038 9E68     		ldr	r6, [r3, #8]
 289:/home/max/chipwhisperer/firmware/mcu/simpleserial/simpleserial.c ****     }
 300              		.loc 1 289 31 view .LVU62
 301 003a 1B7C     		ldrb	r3, [r3, #16]	@ zero_extendqisi2
 288:/home/max/chipwhisperer/firmware/mcu/simpleserial/simpleserial.c ****         repr_cmd_buf[i].flags = commands[i].flags;
 302              		.loc 1 288 29 view .LVU63
 303 003c 02F85F6C 		strb	r6, [r2, #-95]
 286:/home/max/chipwhisperer/firmware/mcu/simpleserial/simpleserial.c ****         repr_cmd_buf[i].c = commands[i].c;
 304              		.loc 1 286 27 discriminator 1 view .LVU64
 305 0040 0130     		adds	r0, r0, #1
 306              	.LVL23:
 287:/home/max/chipwhisperer/firmware/mcu/simpleserial/simpleserial.c ****         repr_cmd_buf[i].len = commands[i].len;
 307              		.loc 1 287 9 is_stmt 1 view .LVU65
 288:/home/max/chipwhisperer/firmware/mcu/simpleserial/simpleserial.c ****         repr_cmd_buf[i].flags = commands[i].flags;
 308              		.loc 1 288 9 view .LVU66
 289:/home/max/chipwhisperer/firmware/mcu/simpleserial/simpleserial.c ****     }
 309              		.loc 1 289 9 view .LVU67
 289:/home/max/chipwhisperer/firmware/mcu/simpleserial/simpleserial.c ****     }
 310              		.loc 1 289 31 is_stmt 0 view .LVU68
 311 0042 02F85E3C 		strb	r3, [r2, #-94]
 286:/home/max/chipwhisperer/firmware/mcu/simpleserial/simpleserial.c ****         repr_cmd_buf[i].c = commands[i].c;
 312              		.loc 1 286 53 is_stmt 1 discriminator 3 view .LVU69
 313 0046 E1E7     		b	.L11
 314              	.L14:
 315              		.align	2
 316              	.L13:
 317 0048 00000000 		.word	.LANCHOR1
 318              	.LBE26:
 319              		.cfi_endproc
 320              	.LFE3:
 322              		.section	.text.ss_crc,"ax",%progbits
 323              		.align	1
 324              		.global	ss_crc
 325              		.syntax unified
 326              		.thumb
 327              		.thumb_func
 329              	ss_crc:
 330              	.LVL24:
 331              	.LFB0:
  20:/home/max/chipwhisperer/firmware/mcu/simpleserial/simpleserial.c **** 	unsigned int k = 0;
 332              		.loc 1 20 1 view -0
 333              		.cfi_startproc
 334              		@ args = 0, pretend = 0, frame = 0
 335              		@ frame_needed = 0, uses_anonymous_args = 0
  20:/home/max/chipwhisperer/firmware/mcu/simpleserial/simpleserial.c **** 	unsigned int k = 0;
 336              		.loc 1 20 1 is_stmt 0 view .LVU71
 337 0000 10B5     		push	{r4, lr}
 338              	.LCFI9:
 339              		.cfi_def_cfa_offset 8
 340              		.cfi_offset 4, -8
 341              		.cfi_offset 14, -4
 342 0002 064C     		ldr	r4, .L18
  20:/home/max/chipwhisperer/firmware/mcu/simpleserial/simpleserial.c **** 	unsigned int k = 0;
 343              		.loc 1 20 1 view .LVU72
 344 0004 0346     		mov	r3, r0
  21:/home/max/chipwhisperer/firmware/mcu/simpleserial/simpleserial.c **** 	uint8_t crc = 0x00;
 345              		.loc 1 21 2 is_stmt 1 view .LVU73
 346              	.LVL25:
  22:/home/max/chipwhisperer/firmware/mcu/simpleserial/simpleserial.c **** 	while (len--) {
 347              		.loc 1 22 2 view .LVU74
  23:/home/max/chipwhisperer/firmware/mcu/simpleserial/simpleserial.c **** 		crc ^= *buf++;
 348              		.loc 1 23 2 view .LVU75
 349 0006 0144     		add	r1, r1, r0
 350              	.LVL26:
  22:/home/max/chipwhisperer/firmware/mcu/simpleserial/simpleserial.c **** 	while (len--) {
 351              		.loc 1 22 10 is_stmt 0 view .LVU76
 352 0008 0020     		movs	r0, #0
 353              	.LVL27:
 354              	.L16:
  23:/home/max/chipwhisperer/firmware/mcu/simpleserial/simpleserial.c **** 		crc ^= *buf++;
 355              		.loc 1 23 9 is_stmt 1 view .LVU77
  23:/home/max/chipwhisperer/firmware/mcu/simpleserial/simpleserial.c **** 		crc ^= *buf++;
 356              		.loc 1 23 9 is_stmt 0 view .LVU78
 357 000a 9942     		cmp	r1, r3
 358 000c 00D1     		bne	.L17
  29:/home/max/chipwhisperer/firmware/mcu/simpleserial/simpleserial.c **** 
 359              		.loc 1 29 2 is_stmt 1 view .LVU79
  31:/home/max/chipwhisperer/firmware/mcu/simpleserial/simpleserial.c **** 
 360              		.loc 1 31 1 is_stmt 0 view .LVU80
 361 000e 10BD     		pop	{r4, pc}
 362              	.L17:
  24:/home/max/chipwhisperer/firmware/mcu/simpleserial/simpleserial.c **** 		for (k = 0; k < 8; k++) {
 363              		.loc 1 24 3 is_stmt 1 view .LVU81
 364              	.LVL28:
  24:/home/max/chipwhisperer/firmware/mcu/simpleserial/simpleserial.c **** 		for (k = 0; k < 8; k++) {
 365              		.loc 1 24 7 is_stmt 0 view .LVU82
 366 0010 13F8012B 		ldrb	r2, [r3], #1	@ zero_extendqisi2
 367              	.LVL29:
  25:/home/max/chipwhisperer/firmware/mcu/simpleserial/simpleserial.c **** 			crc = crc & 0x80 ? (crc << 1) ^ CW_CRC: crc << 1;
 368              		.loc 1 25 3 is_stmt 1 view .LVU83
  26:/home/max/chipwhisperer/firmware/mcu/simpleserial/simpleserial.c **** 		}
 369              		.loc 1 26 4 view .LVU84
  25:/home/max/chipwhisperer/firmware/mcu/simpleserial/simpleserial.c **** 			crc = crc & 0x80 ? (crc << 1) ^ CW_CRC: crc << 1;
 370              		.loc 1 25 23 discriminator 2 view .LVU85
  25:/home/max/chipwhisperer/firmware/mcu/simpleserial/simpleserial.c **** 			crc = crc & 0x80 ? (crc << 1) ^ CW_CRC: crc << 1;
 371              		.loc 1 25 17 discriminator 1 view .LVU86
 372 0014 4240     		eors	r2, r2, r0
 373 0016 A05C     		ldrb	r0, [r4, r2]	@ zero_extendqisi2
 374 0018 F7E7     		b	.L16
 375              	.L19:
 376 001a 00BF     		.align	2
 377              	.L18:
 378 001c 10000000 		.word	.LC0
 379              		.cfi_endproc
 380              	.LFE0:
 382              		.section	.text.hex_decode,"ax",%progbits
 383              		.align	1
 384              		.global	hex_decode
 385              		.syntax unified
 386              		.thumb
 387              		.thumb_func
 389              	hex_decode:
 390              	.LVL30:
 391              	.LFB4:
 303:/home/max/chipwhisperer/firmware/mcu/simpleserial/simpleserial.c **** 	for(int i = 0; i < len; i++)
 392              		.loc 1 303 1 view -0
 393              		.cfi_startproc
 394              		@ args = 0, pretend = 0, frame = 0
 395              		@ frame_needed = 0, uses_anonymous_args = 0
 304:/home/max/chipwhisperer/firmware/mcu/simpleserial/simpleserial.c **** 	{
 396              		.loc 1 304 2 view .LVU88
 397              	.LBB27:
 304:/home/max/chipwhisperer/firmware/mcu/simpleserial/simpleserial.c **** 	{
 398              		.loc 1 304 6 view .LVU89
 304:/home/max/chipwhisperer/firmware/mcu/simpleserial/simpleserial.c **** 	{
 399              		.loc 1 304 6 is_stmt 0 view .LVU90
 400              	.LBE27:
 303:/home/max/chipwhisperer/firmware/mcu/simpleserial/simpleserial.c **** 	for(int i = 0; i < len; i++)
 401              		.loc 1 303 1 view .LVU91
 402 0000 F0B5     		push	{r4, r5, r6, r7, lr}
 403              	.LCFI10:
 404              		.cfi_def_cfa_offset 20
 405              		.cfi_offset 4, -20
 406              		.cfi_offset 5, -16
 407              		.cfi_offset 6, -12
 408              		.cfi_offset 7, -8
 409              		.cfi_offset 14, -4
 410              	.LBB32:
 304:/home/max/chipwhisperer/firmware/mcu/simpleserial/simpleserial.c **** 	{
 411              		.loc 1 304 10 view .LVU92
 412 0002 0025     		movs	r5, #0
 413              	.LBB28:
 307:/home/max/chipwhisperer/firmware/mcu/simpleserial/simpleserial.c **** 
 414              		.loc 1 307 8 view .LVU93
 415 0004 4F1C     		adds	r7, r1, #1
 416              	.LVL31:
 417              	.L21:
 307:/home/max/chipwhisperer/firmware/mcu/simpleserial/simpleserial.c **** 
 418              		.loc 1 307 8 view .LVU94
 419              	.LBE28:
 304:/home/max/chipwhisperer/firmware/mcu/simpleserial/simpleserial.c **** 	{
 420              		.loc 1 304 19 is_stmt 1 discriminator 1 view .LVU95
 421 0006 8542     		cmp	r5, r0
 422 0008 01DB     		blt	.L31
 423              	.LBE32:
 328:/home/max/chipwhisperer/firmware/mcu/simpleserial/simpleserial.c **** }
 424              		.loc 1 328 9 is_stmt 0 view .LVU96
 425 000a 0020     		movs	r0, #0
 426              	.LVL32:
 328:/home/max/chipwhisperer/firmware/mcu/simpleserial/simpleserial.c **** }
 427              		.loc 1 328 9 view .LVU97
 428 000c 21E0     		b	.L20
 429              	.LVL33:
 430              	.L31:
 431              	.LBB33:
 432              	.LBB29:
 306:/home/max/chipwhisperer/firmware/mcu/simpleserial/simpleserial.c **** 		char n_lo = ascii_buf[2*i+1];
 433              		.loc 1 306 3 is_stmt 1 view .LVU98
 307:/home/max/chipwhisperer/firmware/mcu/simpleserial/simpleserial.c **** 
 434              		.loc 1 307 8 is_stmt 0 view .LVU99
 435 000e 17F81540 		ldrb	r4, [r7, r5, lsl #1]	@ zero_extendqisi2
 306:/home/max/chipwhisperer/firmware/mcu/simpleserial/simpleserial.c **** 		char n_lo = ascii_buf[2*i+1];
 436              		.loc 1 306 8 view .LVU100
 437 0012 11F81530 		ldrb	r3, [r1, r5, lsl #1]	@ zero_extendqisi2
 438              	.LVL34:
 307:/home/max/chipwhisperer/firmware/mcu/simpleserial/simpleserial.c **** 
 439              		.loc 1 307 3 is_stmt 1 view .LVU101
 309:/home/max/chipwhisperer/firmware/mcu/simpleserial/simpleserial.c **** 			data_buf[i] = n_lo - '0';
 440              		.loc 1 309 3 view .LVU102
 309:/home/max/chipwhisperer/firmware/mcu/simpleserial/simpleserial.c **** 			data_buf[i] = n_lo - '0';
 441              		.loc 1 309 18 is_stmt 0 view .LVU103
 442 0016 A4F13006 		sub	r6, r4, #48
 443 001a F6B2     		uxtb	r6, r6
 309:/home/max/chipwhisperer/firmware/mcu/simpleserial/simpleserial.c **** 			data_buf[i] = n_lo - '0';
 444              		.loc 1 309 5 view .LVU104
 445 001c 092E     		cmp	r6, #9
 446 001e 0CD8     		bhi	.L22
 310:/home/max/chipwhisperer/firmware/mcu/simpleserial/simpleserial.c **** 		else if(n_lo >= 'A' && n_lo <= 'F')
 447              		.loc 1 310 4 is_stmt 1 view .LVU105
 310:/home/max/chipwhisperer/firmware/mcu/simpleserial/simpleserial.c **** 		else if(n_lo >= 'A' && n_lo <= 'F')
 448              		.loc 1 310 16 is_stmt 0 view .LVU106
 449 0020 1670     		strb	r6, [r2]
 450              	.LVL35:
 451              	.L23:
 318:/home/max/chipwhisperer/firmware/mcu/simpleserial/simpleserial.c **** 			data_buf[i] |= (n_hi - '0') << 4;
 452              		.loc 1 318 3 is_stmt 1 view .LVU107
 318:/home/max/chipwhisperer/firmware/mcu/simpleserial/simpleserial.c **** 			data_buf[i] |= (n_hi - '0') << 4;
 453              		.loc 1 318 18 is_stmt 0 view .LVU108
 454 0022 A3F13004 		sub	r4, r3, #48
 455 0026 E4B2     		uxtb	r4, r4
 318:/home/max/chipwhisperer/firmware/mcu/simpleserial/simpleserial.c **** 			data_buf[i] |= (n_hi - '0') << 4;
 456              		.loc 1 318 5 view .LVU109
 457 0028 092C     		cmp	r4, #9
 458 002a 15D8     		bhi	.L27
 459              	.L34:
 321:/home/max/chipwhisperer/firmware/mcu/simpleserial/simpleserial.c **** 		else if(n_hi >= 'a' && n_hi <= 'f')
 460              		.loc 1 321 16 view .LVU110
 461 002c 1378     		ldrb	r3, [r2]	@ zero_extendqisi2
 462              	.LVL36:
 321:/home/max/chipwhisperer/firmware/mcu/simpleserial/simpleserial.c **** 		else if(n_hi >= 'a' && n_hi <= 'f')
 463              		.loc 1 321 16 view .LVU111
 464 002e 43EA0413 		orr	r3, r3, r4, lsl #4
 465              	.L33:
 323:/home/max/chipwhisperer/firmware/mcu/simpleserial/simpleserial.c **** 		else
 466              		.loc 1 323 16 view .LVU112
 467 0032 1370     		strb	r3, [r2]
 468              	.LBE29:
 304:/home/max/chipwhisperer/firmware/mcu/simpleserial/simpleserial.c **** 	{
 469              		.loc 1 304 27 is_stmt 1 discriminator 2 view .LVU113
 470 0034 0135     		adds	r5, r5, #1
 471              	.LVL37:
 304:/home/max/chipwhisperer/firmware/mcu/simpleserial/simpleserial.c **** 	{
 472              		.loc 1 304 27 is_stmt 0 discriminator 2 view .LVU114
 473 0036 0132     		adds	r2, r2, #1
 474 0038 E5E7     		b	.L21
 475              	.LVL38:
 476              	.L22:
 477              	.LBB30:
 311:/home/max/chipwhisperer/firmware/mcu/simpleserial/simpleserial.c **** 			data_buf[i] = n_lo - 'A' + 10;
 478              		.loc 1 311 8 is_stmt 1 view .LVU115
 311:/home/max/chipwhisperer/firmware/mcu/simpleserial/simpleserial.c **** 			data_buf[i] = n_lo - 'A' + 10;
 479              		.loc 1 311 10 is_stmt 0 view .LVU116
 480 003a A4F14106 		sub	r6, r4, #65
 481 003e 052E     		cmp	r6, #5
 482 0040 02D8     		bhi	.L24
 312:/home/max/chipwhisperer/firmware/mcu/simpleserial/simpleserial.c **** 		else if(n_lo >= 'a' && n_lo <= 'f')
 483              		.loc 1 312 4 is_stmt 1 view .LVU117
 312:/home/max/chipwhisperer/firmware/mcu/simpleserial/simpleserial.c **** 		else if(n_lo >= 'a' && n_lo <= 'f')
 484              		.loc 1 312 29 is_stmt 0 view .LVU118
 485 0042 373C     		subs	r4, r4, #55
 486              	.LVL39:
 487              	.L32:
 314:/home/max/chipwhisperer/firmware/mcu/simpleserial/simpleserial.c **** 		else
 488              		.loc 1 314 16 view .LVU119
 489 0044 1470     		strb	r4, [r2]
 490              	.LVL40:
 314:/home/max/chipwhisperer/firmware/mcu/simpleserial/simpleserial.c **** 		else
 491              		.loc 1 314 16 view .LVU120
 492 0046 ECE7     		b	.L23
 493              	.LVL41:
 494              	.L24:
 313:/home/max/chipwhisperer/firmware/mcu/simpleserial/simpleserial.c **** 			data_buf[i] = n_lo - 'a' + 10;
 495              		.loc 1 313 8 is_stmt 1 view .LVU121
 313:/home/max/chipwhisperer/firmware/mcu/simpleserial/simpleserial.c **** 			data_buf[i] = n_lo - 'a' + 10;
 496              		.loc 1 313 10 is_stmt 0 view .LVU122
 497 0048 A4F16106 		sub	r6, r4, #97
 498 004c 052E     		cmp	r6, #5
 499 004e 01D9     		bls	.L25
 500              	.LVL42:
 501              	.L30:
 316:/home/max/chipwhisperer/firmware/mcu/simpleserial/simpleserial.c **** 
 502              		.loc 1 316 11 view .LVU123
 503 0050 0120     		movs	r0, #1
 504              	.LVL43:
 505              	.L20:
 316:/home/max/chipwhisperer/firmware/mcu/simpleserial/simpleserial.c **** 
 506              		.loc 1 316 11 view .LVU124
 507              	.LBE30:
 508              	.LBE33:
 329:/home/max/chipwhisperer/firmware/mcu/simpleserial/simpleserial.c **** 
 509              		.loc 1 329 1 view .LVU125
 510 0052 F0BD     		pop	{r4, r5, r6, r7, pc}
 511              	.LVL44:
 512              	.L25:
 513              	.LBB34:
 514              	.LBB31:
 314:/home/max/chipwhisperer/firmware/mcu/simpleserial/simpleserial.c **** 		else
 515              		.loc 1 314 4 is_stmt 1 view .LVU126
 314:/home/max/chipwhisperer/firmware/mcu/simpleserial/simpleserial.c **** 		else
 516              		.loc 1 314 29 is_stmt 0 view .LVU127
 517 0054 573C     		subs	r4, r4, #87
 518              	.LVL45:
 314:/home/max/chipwhisperer/firmware/mcu/simpleserial/simpleserial.c **** 		else
 519              		.loc 1 314 29 view .LVU128
 520 0056 F5E7     		b	.L32
 521              	.LVL46:
 522              	.L27:
 320:/home/max/chipwhisperer/firmware/mcu/simpleserial/simpleserial.c **** 			data_buf[i] |= (n_hi - 'A' + 10) << 4;
 523              		.loc 1 320 8 is_stmt 1 view .LVU129
 320:/home/max/chipwhisperer/firmware/mcu/simpleserial/simpleserial.c **** 			data_buf[i] |= (n_hi - 'A' + 10) << 4;
 524              		.loc 1 320 10 is_stmt 0 view .LVU130
 525 0058 A3F14104 		sub	r4, r3, #65
 526 005c 052C     		cmp	r4, #5
 527 005e 02D8     		bhi	.L29
 321:/home/max/chipwhisperer/firmware/mcu/simpleserial/simpleserial.c **** 		else if(n_hi >= 'a' && n_hi <= 'f')
 528              		.loc 1 321 4 is_stmt 1 view .LVU131
 321:/home/max/chipwhisperer/firmware/mcu/simpleserial/simpleserial.c **** 		else if(n_hi >= 'a' && n_hi <= 'f')
 529              		.loc 1 321 16 is_stmt 0 view .LVU132
 530 0060 A3F13704 		sub	r4, r3, #55
 531 0064 E2E7     		b	.L34
 532              	.L29:
 322:/home/max/chipwhisperer/firmware/mcu/simpleserial/simpleserial.c **** 			data_buf[i] |= (n_hi - 'a' + 10) << 4;
 533              		.loc 1 322 8 is_stmt 1 view .LVU133
 322:/home/max/chipwhisperer/firmware/mcu/simpleserial/simpleserial.c **** 			data_buf[i] |= (n_hi - 'a' + 10) << 4;
 534              		.loc 1 322 10 is_stmt 0 view .LVU134
 535 0066 A3F16104 		sub	r4, r3, #97
 536 006a 052C     		cmp	r4, #5
 537 006c F0D8     		bhi	.L30
 323:/home/max/chipwhisperer/firmware/mcu/simpleserial/simpleserial.c **** 		else
 538              		.loc 1 323 4 is_stmt 1 view .LVU135
 323:/home/max/chipwhisperer/firmware/mcu/simpleserial/simpleserial.c **** 		else
 539              		.loc 1 323 16 is_stmt 0 view .LVU136
 540 006e 1478     		ldrb	r4, [r2]	@ zero_extendqisi2
 541 0070 573B     		subs	r3, r3, #87
 542              	.LVL47:
 323:/home/max/chipwhisperer/firmware/mcu/simpleserial/simpleserial.c **** 		else
 543              		.loc 1 323 16 view .LVU137
 544 0072 44EA0313 		orr	r3, r4, r3, lsl #4
 545              	.LVL48:
 323:/home/max/chipwhisperer/firmware/mcu/simpleserial/simpleserial.c **** 		else
 546              		.loc 1 323 16 view .LVU138
 547 0076 DCE7     		b	.L33
 548              	.LBE31:
 549              	.LBE34:
 550              		.cfi_endproc
 551              	.LFE4:
 553              		.section	.text.simpleserial_addcmd_flags,"ax",%progbits
 554              		.align	1
 555              		.global	simpleserial_addcmd_flags
 556              		.syntax unified
 557              		.thumb
 558              		.thumb_func
 560              	simpleserial_addcmd_flags:
 561              	.LVL49:
 562              	.LFB7:
 348:/home/max/chipwhisperer/firmware/mcu/simpleserial/simpleserial.c **** 	if(num_commands >= MAX_SS_CMDS)
 563              		.loc 1 348 1 is_stmt 1 view -0
 564              		.cfi_startproc
 565              		@ args = 0, pretend = 0, frame = 0
 566              		@ frame_needed = 0, uses_anonymous_args = 0
 349:/home/max/chipwhisperer/firmware/mcu/simpleserial/simpleserial.c **** 		return 1;
 567              		.loc 1 349 2 view .LVU140
 348:/home/max/chipwhisperer/firmware/mcu/simpleserial/simpleserial.c **** 	if(num_commands >= MAX_SS_CMDS)
 568              		.loc 1 348 1 is_stmt 0 view .LVU141
 569 0000 70B5     		push	{r4, r5, r6, lr}
 570              	.LCFI11:
 571              		.cfi_def_cfa_offset 16
 572              		.cfi_offset 4, -16
 573              		.cfi_offset 5, -12
 574              		.cfi_offset 6, -8
 575              		.cfi_offset 14, -4
 349:/home/max/chipwhisperer/firmware/mcu/simpleserial/simpleserial.c **** 		return 1;
 576              		.loc 1 349 18 view .LVU142
 577 0002 094E     		ldr	r6, .L39
 578 0004 3468     		ldr	r4, [r6]
 349:/home/max/chipwhisperer/firmware/mcu/simpleserial/simpleserial.c **** 		return 1;
 579              		.loc 1 349 4 view .LVU143
 580 0006 1F2C     		cmp	r4, #31
 581 0008 0BDC     		bgt	.L38
 352:/home/max/chipwhisperer/firmware/mcu/simpleserial/simpleserial.c **** 		return 1;
 582              		.loc 1 352 2 is_stmt 1 view .LVU144
 352:/home/max/chipwhisperer/firmware/mcu/simpleserial/simpleserial.c **** 		return 1;
 583              		.loc 1 352 4 is_stmt 0 view .LVU145
 584 000a 3F29     		cmp	r1, #63
 585 000c 09D8     		bhi	.L38
 355:/home/max/chipwhisperer/firmware/mcu/simpleserial/simpleserial.c **** 	commands[num_commands].len = len;
 586              		.loc 1 355 2 is_stmt 1 view .LVU146
 355:/home/max/chipwhisperer/firmware/mcu/simpleserial/simpleserial.c **** 	commands[num_commands].len = len;
 587              		.loc 1 355 29 is_stmt 0 view .LVU147
 588 000e 06EB0415 		add	r5, r6, r4, lsl #4
 357:/home/max/chipwhisperer/firmware/mcu/simpleserial/simpleserial.c **** 	commands[num_commands].flags = fl;
 589              		.loc 1 357 29 view .LVU148
 590 0012 C5E90212 		strd	r1, r2, [r5, #8]
 359:/home/max/chipwhisperer/firmware/mcu/simpleserial/simpleserial.c **** 
 591              		.loc 1 359 14 view .LVU149
 592 0016 0134     		adds	r4, r4, #1
 355:/home/max/chipwhisperer/firmware/mcu/simpleserial/simpleserial.c **** 	commands[num_commands].len = len;
 593              		.loc 1 355 29 view .LVU150
 594 0018 2871     		strb	r0, [r5, #4]
 356:/home/max/chipwhisperer/firmware/mcu/simpleserial/simpleserial.c **** 	commands[num_commands].fp  = fp;
 595              		.loc 1 356 2 is_stmt 1 view .LVU151
 358:/home/max/chipwhisperer/firmware/mcu/simpleserial/simpleserial.c **** 	num_commands++;
 596              		.loc 1 358 2 view .LVU152
 358:/home/max/chipwhisperer/firmware/mcu/simpleserial/simpleserial.c **** 	num_commands++;
 597              		.loc 1 358 31 is_stmt 0 view .LVU153
 598 001a 2B74     		strb	r3, [r5, #16]
 359:/home/max/chipwhisperer/firmware/mcu/simpleserial/simpleserial.c **** 
 599              		.loc 1 359 2 is_stmt 1 view .LVU154
 359:/home/max/chipwhisperer/firmware/mcu/simpleserial/simpleserial.c **** 
 600              		.loc 1 359 14 is_stmt 0 view .LVU155
 601 001c 3460     		str	r4, [r6]
 361:/home/max/chipwhisperer/firmware/mcu/simpleserial/simpleserial.c **** }
 602              		.loc 1 361 2 is_stmt 1 view .LVU156
 361:/home/max/chipwhisperer/firmware/mcu/simpleserial/simpleserial.c **** }
 603              		.loc 1 361 9 is_stmt 0 view .LVU157
 604 001e 0020     		movs	r0, #0
 605              	.LVL50:
 606              	.L35:
 362:/home/max/chipwhisperer/firmware/mcu/simpleserial/simpleserial.c **** 
 607              		.loc 1 362 1 view .LVU158
 608 0020 70BD     		pop	{r4, r5, r6, pc}
 609              	.LVL51:
 610              	.L38:
 350:/home/max/chipwhisperer/firmware/mcu/simpleserial/simpleserial.c **** 
 611              		.loc 1 350 10 view .LVU159
 612 0022 0120     		movs	r0, #1
 613              	.LVL52:
 350:/home/max/chipwhisperer/firmware/mcu/simpleserial/simpleserial.c **** 
 614              		.loc 1 350 10 view .LVU160
 615 0024 FCE7     		b	.L35
 616              	.L40:
 617 0026 00BF     		.align	2
 618              	.L39:
 619 0028 00000000 		.word	.LANCHOR1
 620              		.cfi_endproc
 621              	.LFE7:
 623              		.section	.text.simpleserial_addcmd,"ax",%progbits
 624              		.align	1
 625              		.global	simpleserial_addcmd
 626              		.syntax unified
 627              		.thumb
 628              		.thumb_func
 630              	simpleserial_addcmd:
 631              	.LVL53:
 632              	.LFB6:
 343:/home/max/chipwhisperer/firmware/mcu/simpleserial/simpleserial.c **** 	return simpleserial_addcmd_flags(c, len, fp, CMD_FLAG_NONE);
 633              		.loc 1 343 1 is_stmt 1 view -0
 634              		.cfi_startproc
 635              		@ args = 0, pretend = 0, frame = 0
 636              		@ frame_needed = 0, uses_anonymous_args = 0
 637              		@ link register save eliminated.
 344:/home/max/chipwhisperer/firmware/mcu/simpleserial/simpleserial.c **** }
 638              		.loc 1 344 2 view .LVU162
 344:/home/max/chipwhisperer/firmware/mcu/simpleserial/simpleserial.c **** }
 639              		.loc 1 344 9 is_stmt 0 view .LVU163
 640 0000 0023     		movs	r3, #0
 641 0002 FFF7FEBF 		b	simpleserial_addcmd_flags
 642              	.LVL54:
 344:/home/max/chipwhisperer/firmware/mcu/simpleserial/simpleserial.c **** }
 643              		.loc 1 344 9 view .LVU164
 644              		.cfi_endproc
 645              	.LFE6:
 647              		.section	.text.simpleserial_init,"ax",%progbits
 648              		.align	1
 649              		.global	simpleserial_init
 650              		.syntax unified
 651              		.thumb
 652              		.thumb_func
 654              	simpleserial_init:
 655              	.LFB5:
 336:/home/max/chipwhisperer/firmware/mcu/simpleserial/simpleserial.c **** 	simpleserial_addcmd('v', 0, check_version);
 656              		.loc 1 336 1 is_stmt 1 view -0
 657              		.cfi_startproc
 658              		@ args = 0, pretend = 0, frame = 0
 659              		@ frame_needed = 0, uses_anonymous_args = 0
 337:/home/max/chipwhisperer/firmware/mcu/simpleserial/simpleserial.c ****     simpleserial_addcmd('w', 0, ss_get_commands);
 660              		.loc 1 337 2 view .LVU166
 336:/home/max/chipwhisperer/firmware/mcu/simpleserial/simpleserial.c **** 	simpleserial_addcmd('v', 0, check_version);
 661              		.loc 1 336 1 is_stmt 0 view .LVU167
 662 0000 08B5     		push	{r3, lr}
 663              	.LCFI12:
 664              		.cfi_def_cfa_offset 8
 665              		.cfi_offset 3, -8
 666              		.cfi_offset 14, -4
 337:/home/max/chipwhisperer/firmware/mcu/simpleserial/simpleserial.c ****     simpleserial_addcmd('w', 0, ss_get_commands);
 667              		.loc 1 337 2 view .LVU168
 668 0002 074A     		ldr	r2, .L43
 669 0004 0021     		movs	r1, #0
 670 0006 7620     		movs	r0, #118
 671 0008 FFF7FEFF 		bl	simpleserial_addcmd
 672              	.LVL55:
 338:/home/max/chipwhisperer/firmware/mcu/simpleserial/simpleserial.c ****     simpleserial_addcmd('y', 0, ss_num_commands);
 673              		.loc 1 338 5 is_stmt 1 view .LVU169
 674 000c 054A     		ldr	r2, .L43+4
 675 000e 7720     		movs	r0, #119
 676 0010 FFF7FEFF 		bl	simpleserial_addcmd
 677              	.LVL56:
 339:/home/max/chipwhisperer/firmware/mcu/simpleserial/simpleserial.c **** }
 678              		.loc 1 339 5 view .LVU170
 340:/home/max/chipwhisperer/firmware/mcu/simpleserial/simpleserial.c **** 
 679              		.loc 1 340 1 is_stmt 0 view .LVU171
 680 0014 BDE80840 		pop	{r3, lr}
 681              	.LCFI13:
 682              		.cfi_restore 14
 683              		.cfi_restore 3
 684              		.cfi_def_cfa_offset 0
 339:/home/max/chipwhisperer/firmware/mcu/simpleserial/simpleserial.c **** }
 685              		.loc 1 339 5 view .LVU172
 686 0018 034A     		ldr	r2, .L43+8
 687 001a 7920     		movs	r0, #121
 688 001c FFF7FEBF 		b	simpleserial_addcmd
 689              	.LVL57:
 690              	.L44:
 691              		.align	2
 692              	.L43:
 693 0020 00000000 		.word	check_version
 694 0024 00000000 		.word	ss_get_commands
 695 0028 00000000 		.word	ss_num_commands
 696              		.cfi_endproc
 697              	.LFE5:
 699              		.section	.text.simpleserial_get,"ax",%progbits
 700              		.align	1
 701              		.global	simpleserial_get
 702              		.syntax unified
 703              		.thumb
 704              		.thumb_func
 706              	simpleserial_get:
 707              	.LFB8:
 365:/home/max/chipwhisperer/firmware/mcu/simpleserial/simpleserial.c **** 	char ascii_buf[2*MAX_SS_LEN];
 708              		.loc 1 365 1 is_stmt 1 view -0
 709              		.cfi_startproc
 710              		@ args = 0, pretend = 0, frame = 200
 711              		@ frame_needed = 0, uses_anonymous_args = 0
 366:/home/max/chipwhisperer/firmware/mcu/simpleserial/simpleserial.c **** 	uint8_t data_buf[MAX_SS_LEN];
 712              		.loc 1 366 2 view .LVU174
 367:/home/max/chipwhisperer/firmware/mcu/simpleserial/simpleserial.c **** 	char c;
 713              		.loc 1 367 2 view .LVU175
 368:/home/max/chipwhisperer/firmware/mcu/simpleserial/simpleserial.c **** 
 714              		.loc 1 368 2 view .LVU176
 371:/home/max/chipwhisperer/firmware/mcu/simpleserial/simpleserial.c **** 
 715              		.loc 1 371 2 view .LVU177
 365:/home/max/chipwhisperer/firmware/mcu/simpleserial/simpleserial.c **** 	char ascii_buf[2*MAX_SS_LEN];
 716              		.loc 1 365 1 is_stmt 0 view .LVU178
 717 0000 2DE9F041 		push	{r4, r5, r6, r7, r8, lr}
 718              	.LCFI14:
 719              		.cfi_def_cfa_offset 24
 720              		.cfi_offset 4, -24
 721              		.cfi_offset 5, -20
 722              		.cfi_offset 6, -16
 723              		.cfi_offset 7, -12
 724              		.cfi_offset 8, -8
 725              		.cfi_offset 14, -4
 374:/home/max/chipwhisperer/firmware/mcu/simpleserial/simpleserial.c **** 	{
 726              		.loc 1 374 19 discriminator 1 view .LVU179
 727 0004 2C4D     		ldr	r5, .L69
 365:/home/max/chipwhisperer/firmware/mcu/simpleserial/simpleserial.c **** 	char ascii_buf[2*MAX_SS_LEN];
 728              		.loc 1 365 1 view .LVU180
 729 0006 B2B0     		sub	sp, sp, #200
 730              	.LCFI15:
 731              		.cfi_def_cfa_offset 224
 371:/home/max/chipwhisperer/firmware/mcu/simpleserial/simpleserial.c **** 
 732              		.loc 1 371 6 view .LVU181
 733 0008 FFF7FEFF 		bl	getch
 734              	.LVL58:
 373:/home/max/chipwhisperer/firmware/mcu/simpleserial/simpleserial.c **** 	for(cmd = 0; cmd < num_commands; cmd++)
 735              		.loc 1 373 2 is_stmt 1 view .LVU182
 374:/home/max/chipwhisperer/firmware/mcu/simpleserial/simpleserial.c **** 	{
 736              		.loc 1 374 2 view .LVU183
 374:/home/max/chipwhisperer/firmware/mcu/simpleserial/simpleserial.c **** 	{
 737              		.loc 1 374 19 is_stmt 0 discriminator 1 view .LVU184
 738 000c 2A46     		mov	r2, r5
 374:/home/max/chipwhisperer/firmware/mcu/simpleserial/simpleserial.c **** 	{
 739              		.loc 1 374 10 view .LVU185
 740 000e 0023     		movs	r3, #0
 374:/home/max/chipwhisperer/firmware/mcu/simpleserial/simpleserial.c **** 	{
 741              		.loc 1 374 19 discriminator 1 view .LVU186
 742 0010 52F8041B 		ldr	r1, [r2], #4
 743              	.LVL59:
 744              	.L46:
 374:/home/max/chipwhisperer/firmware/mcu/simpleserial/simpleserial.c **** 	{
 745              		.loc 1 374 19 is_stmt 1 discriminator 1 view .LVU187
 746 0014 9942     		cmp	r1, r3
 747 0016 3FDC     		bgt	.L48
 381:/home/max/chipwhisperer/firmware/mcu/simpleserial/simpleserial.c **** 		return;
 748              		.loc 1 381 2 view .LVU188
 381:/home/max/chipwhisperer/firmware/mcu/simpleserial/simpleserial.c **** 		return;
 749              		.loc 1 381 4 is_stmt 0 view .LVU189
 750 0018 3BD0     		beq	.L45
 751              	.L47:
 385:/home/max/chipwhisperer/firmware/mcu/simpleserial/simpleserial.c **** 	{
 752              		.loc 1 385 2 is_stmt 1 view .LVU190
 385:/home/max/chipwhisperer/firmware/mcu/simpleserial/simpleserial.c **** 	{
 753              		.loc 1 385 20 is_stmt 0 view .LVU191
 754 001a 05EB0314 		add	r4, r5, r3, lsl #4
 755 001e 1E01     		lsls	r6, r3, #4
 385:/home/max/chipwhisperer/firmware/mcu/simpleserial/simpleserial.c **** 	{
 756              		.loc 1 385 5 view .LVU192
 757 0020 237C     		ldrb	r3, [r4, #16]	@ zero_extendqisi2
 758              	.LVL60:
 385:/home/max/chipwhisperer/firmware/mcu/simpleserial/simpleserial.c **** 	{
 759              		.loc 1 385 5 view .LVU193
 760 0022 DB07     		lsls	r3, r3, #31
 761 0024 13D5     		bpl	.L50
 762              	.LBB35:
 387:/home/max/chipwhisperer/firmware/mcu/simpleserial/simpleserial.c **** 		char buff[2];
 763              		.loc 1 387 3 is_stmt 1 view .LVU194
 387:/home/max/chipwhisperer/firmware/mcu/simpleserial/simpleserial.c **** 		char buff[2];
 764              		.loc 1 387 11 is_stmt 0 view .LVU195
 765 0026 0023     		movs	r3, #0
 766 0028 8DF80830 		strb	r3, [sp, #8]
 388:/home/max/chipwhisperer/firmware/mcu/simpleserial/simpleserial.c **** 		buff[0] = getch();
 767              		.loc 1 388 3 is_stmt 1 view .LVU196
 389:/home/max/chipwhisperer/firmware/mcu/simpleserial/simpleserial.c **** 		buff[1] = getch();
 768              		.loc 1 389 3 view .LVU197
 389:/home/max/chipwhisperer/firmware/mcu/simpleserial/simpleserial.c **** 		buff[1] = getch();
 769              		.loc 1 389 13 is_stmt 0 view .LVU198
 770 002c FFF7FEFF 		bl	getch
 771              	.LVL61:
 389:/home/max/chipwhisperer/firmware/mcu/simpleserial/simpleserial.c **** 		buff[1] = getch();
 772              		.loc 1 389 11 discriminator 1 view .LVU199
 773 0030 8DF84800 		strb	r0, [sp, #72]
 390:/home/max/chipwhisperer/firmware/mcu/simpleserial/simpleserial.c **** 		if (hex_decode(1, buff, &l))
 774              		.loc 1 390 3 is_stmt 1 view .LVU200
 390:/home/max/chipwhisperer/firmware/mcu/simpleserial/simpleserial.c **** 		if (hex_decode(1, buff, &l))
 775              		.loc 1 390 13 is_stmt 0 view .LVU201
 776 0034 FFF7FEFF 		bl	getch
 777              	.LVL62:
 391:/home/max/chipwhisperer/firmware/mcu/simpleserial/simpleserial.c **** 			return;
 778              		.loc 1 391 7 view .LVU202
 779 0038 02AA     		add	r2, sp, #8
 390:/home/max/chipwhisperer/firmware/mcu/simpleserial/simpleserial.c **** 		if (hex_decode(1, buff, &l))
 780              		.loc 1 390 11 discriminator 1 view .LVU203
 781 003a 8DF84900 		strb	r0, [sp, #73]
 391:/home/max/chipwhisperer/firmware/mcu/simpleserial/simpleserial.c **** 			return;
 782              		.loc 1 391 3 is_stmt 1 view .LVU204
 391:/home/max/chipwhisperer/firmware/mcu/simpleserial/simpleserial.c **** 			return;
 783              		.loc 1 391 7 is_stmt 0 view .LVU205
 784 003e 12A9     		add	r1, sp, #72
 785 0040 0120     		movs	r0, #1
 786 0042 FFF7FEFF 		bl	hex_decode
 787              	.LVL63:
 391:/home/max/chipwhisperer/firmware/mcu/simpleserial/simpleserial.c **** 			return;
 788              		.loc 1 391 6 discriminator 1 view .LVU206
 789 0046 20BB     		cbnz	r0, .L45
 393:/home/max/chipwhisperer/firmware/mcu/simpleserial/simpleserial.c **** 	}
 790              		.loc 1 393 3 is_stmt 1 view .LVU207
 393:/home/max/chipwhisperer/firmware/mcu/simpleserial/simpleserial.c **** 	}
 791              		.loc 1 393 21 is_stmt 0 view .LVU208
 792 0048 9DF80830 		ldrb	r3, [sp, #8]	@ zero_extendqisi2
 793 004c A360     		str	r3, [r4, #8]
 794              	.L50:
 795 004e 12AF     		add	r7, sp, #72
 796              	.LBE35:
 374:/home/max/chipwhisperer/firmware/mcu/simpleserial/simpleserial.c **** 	{
 797              		.loc 1 374 10 view .LVU209
 798 0050 0024     		movs	r4, #0
 799              	.LBB36:
 397:/home/max/chipwhisperer/firmware/mcu/simpleserial/simpleserial.c **** 	{
 800              		.loc 1 397 36 discriminator 1 view .LVU210
 801 0052 05EB0608 		add	r8, r5, r6
 802              	.LVL64:
 803              	.L53:
 397:/home/max/chipwhisperer/firmware/mcu/simpleserial/simpleserial.c **** 	{
 804              		.loc 1 397 19 is_stmt 1 discriminator 1 view .LVU211
 397:/home/max/chipwhisperer/firmware/mcu/simpleserial/simpleserial.c **** 	{
 805              		.loc 1 397 22 is_stmt 0 discriminator 1 view .LVU212
 806 0056 D8F80830 		ldr	r3, [r8, #8]
 397:/home/max/chipwhisperer/firmware/mcu/simpleserial/simpleserial.c **** 	{
 807              		.loc 1 397 19 discriminator 1 view .LVU213
 808 005a B4EB430F 		cmp	r4, r3, lsl #1
 809 005e 21D3     		bcc	.L54
 810              	.LBE36:
 409:/home/max/chipwhisperer/firmware/mcu/simpleserial/simpleserial.c **** 	if(c != '\n' && c != '\r')
 811              		.loc 1 409 2 is_stmt 1 view .LVU214
 409:/home/max/chipwhisperer/firmware/mcu/simpleserial/simpleserial.c **** 	if(c != '\n' && c != '\r')
 812              		.loc 1 409 6 is_stmt 0 view .LVU215
 813 0060 FFF7FEFF 		bl	getch
 814              	.LVL65:
 410:/home/max/chipwhisperer/firmware/mcu/simpleserial/simpleserial.c **** 		return;
 815              		.loc 1 410 2 is_stmt 1 view .LVU216
 410:/home/max/chipwhisperer/firmware/mcu/simpleserial/simpleserial.c **** 		return;
 816              		.loc 1 410 4 is_stmt 0 view .LVU217
 817 0064 0A28     		cmp	r0, #10
 818 0066 01D0     		beq	.L55
 410:/home/max/chipwhisperer/firmware/mcu/simpleserial/simpleserial.c **** 		return;
 819              		.loc 1 410 15 discriminator 1 view .LVU218
 820 0068 0D28     		cmp	r0, #13
 821 006a 12D1     		bne	.L45
 822              	.L55:
 415:/home/max/chipwhisperer/firmware/mcu/simpleserial/simpleserial.c **** 		return;
 823              		.loc 1 415 2 is_stmt 1 view .LVU219
 415:/home/max/chipwhisperer/firmware/mcu/simpleserial/simpleserial.c **** 		return;
 824              		.loc 1 415 29 is_stmt 0 view .LVU220
 825 006c 3544     		add	r5, r5, r6
 415:/home/max/chipwhisperer/firmware/mcu/simpleserial/simpleserial.c **** 		return;
 826              		.loc 1 415 5 view .LVU221
 827 006e 02AA     		add	r2, sp, #8
 415:/home/max/chipwhisperer/firmware/mcu/simpleserial/simpleserial.c **** 		return;
 828              		.loc 1 415 29 view .LVU222
 829 0070 AC68     		ldr	r4, [r5, #8]
 830              	.LVL66:
 415:/home/max/chipwhisperer/firmware/mcu/simpleserial/simpleserial.c **** 		return;
 831              		.loc 1 415 5 view .LVU223
 832 0072 12A9     		add	r1, sp, #72
 833 0074 2046     		mov	r0, r4
 834              	.LVL67:
 415:/home/max/chipwhisperer/firmware/mcu/simpleserial/simpleserial.c **** 		return;
 835              		.loc 1 415 5 view .LVU224
 836 0076 FFF7FEFF 		bl	hex_decode
 837              	.LVL68:
 415:/home/max/chipwhisperer/firmware/mcu/simpleserial/simpleserial.c **** 		return;
 838              		.loc 1 415 4 discriminator 1 view .LVU225
 839 007a 50B9     		cbnz	r0, .L45
 419:/home/max/chipwhisperer/firmware/mcu/simpleserial/simpleserial.c **** 	ret[0] = commands[cmd].fp(data_buf, commands[cmd].len);
 840              		.loc 1 419 2 is_stmt 1 view .LVU226
 420:/home/max/chipwhisperer/firmware/mcu/simpleserial/simpleserial.c **** 
 841              		.loc 1 420 2 view .LVU227
 420:/home/max/chipwhisperer/firmware/mcu/simpleserial/simpleserial.c **** 
 842              		.loc 1 420 11 is_stmt 0 view .LVU228
 843 007c E1B2     		uxtb	r1, r4
 844 007e EB68     		ldr	r3, [r5, #12]
 845 0080 02A8     		add	r0, sp, #8
 846 0082 9847     		blx	r3
 847              	.LVL69:
 848              	.LBB37:
 849              	.LBB38:
 850 0084 01AA     		add	r2, sp, #4
 851              	.LBE38:
 852              	.LBE37:
 420:/home/max/chipwhisperer/firmware/mcu/simpleserial/simpleserial.c **** 
 853              		.loc 1 420 9 discriminator 1 view .LVU229
 854 0086 8DF80400 		strb	r0, [sp, #4]
 424:/home/max/chipwhisperer/firmware/mcu/simpleserial/simpleserial.c **** #endif
 855              		.loc 1 424 2 is_stmt 1 view .LVU230
 856              	.LVL70:
 857              	.LBB40:
 858              	.LBI37:
 428:/home/max/chipwhisperer/firmware/mcu/simpleserial/simpleserial.c **** {
 859              		.loc 1 428 6 view .LVU231
 860              	.LBB39:
 431:/home/max/chipwhisperer/firmware/mcu/simpleserial/simpleserial.c **** 	putch(c);
 861              		.loc 1 431 5 view .LVU232
 862 008a 0121     		movs	r1, #1
 863 008c 7A20     		movs	r0, #122
 864 008e FFF7FEFF 		bl	simpleserial_put.part.0
 865              	.LVL71:
 866              	.L45:
 431:/home/max/chipwhisperer/firmware/mcu/simpleserial/simpleserial.c **** 	putch(c);
 867              		.loc 1 431 5 is_stmt 0 view .LVU233
 868              	.LBE39:
 869              	.LBE40:
 426:/home/max/chipwhisperer/firmware/mcu/simpleserial/simpleserial.c **** 
 870              		.loc 1 426 1 view .LVU234
 871 0092 32B0     		add	sp, sp, #200
 872              	.LCFI16:
 873              		.cfi_remember_state
 874              		.cfi_def_cfa_offset 24
 875              		@ sp needed
 876 0094 BDE8F081 		pop	{r4, r5, r6, r7, r8, pc}
 877              	.LVL72:
 878              	.L48:
 879              	.LCFI17:
 880              		.cfi_restore_state
 376:/home/max/chipwhisperer/firmware/mcu/simpleserial/simpleserial.c **** 			break;
 881              		.loc 1 376 3 is_stmt 1 view .LVU235
 376:/home/max/chipwhisperer/firmware/mcu/simpleserial/simpleserial.c **** 			break;
 882              		.loc 1 376 19 is_stmt 0 view .LVU236
 883 0098 1C01     		lsls	r4, r3, #4
 376:/home/max/chipwhisperer/firmware/mcu/simpleserial/simpleserial.c **** 			break;
 884              		.loc 1 376 5 view .LVU237
 885 009a A45C     		ldrb	r4, [r4, r2]	@ zero_extendqisi2
 886 009c 8442     		cmp	r4, r0
 887 009e BCD0     		beq	.L47
 374:/home/max/chipwhisperer/firmware/mcu/simpleserial/simpleserial.c **** 	{
 888              		.loc 1 374 38 is_stmt 1 discriminator 2 view .LVU238
 889 00a0 0133     		adds	r3, r3, #1
 890              	.LVL73:
 374:/home/max/chipwhisperer/firmware/mcu/simpleserial/simpleserial.c **** 	{
 891              		.loc 1 374 38 is_stmt 0 discriminator 2 view .LVU239
 892 00a2 B7E7     		b	.L46
 893              	.LVL74:
 894              	.L54:
 895              	.LBB41:
 399:/home/max/chipwhisperer/firmware/mcu/simpleserial/simpleserial.c **** 
 896              		.loc 1 399 3 is_stmt 1 view .LVU240
 399:/home/max/chipwhisperer/firmware/mcu/simpleserial/simpleserial.c **** 
 897              		.loc 1 399 7 is_stmt 0 view .LVU241
 898 00a4 FFF7FEFF 		bl	getch
 899              	.LVL75:
 402:/home/max/chipwhisperer/firmware/mcu/simpleserial/simpleserial.c **** 			return;
 900              		.loc 1 402 3 is_stmt 1 view .LVU242
 402:/home/max/chipwhisperer/firmware/mcu/simpleserial/simpleserial.c **** 			return;
 901              		.loc 1 402 5 is_stmt 0 view .LVU243
 902 00a8 0A28     		cmp	r0, #10
 903 00aa F2D0     		beq	.L45
 402:/home/max/chipwhisperer/firmware/mcu/simpleserial/simpleserial.c **** 			return;
 904              		.loc 1 402 16 discriminator 1 view .LVU244
 905 00ac 0D28     		cmp	r0, #13
 906 00ae F0D0     		beq	.L45
 405:/home/max/chipwhisperer/firmware/mcu/simpleserial/simpleserial.c **** 	}
 907              		.loc 1 405 3 is_stmt 1 view .LVU245
 405:/home/max/chipwhisperer/firmware/mcu/simpleserial/simpleserial.c **** 	}
 908              		.loc 1 405 16 is_stmt 0 view .LVU246
 909 00b0 07F8010B 		strb	r0, [r7], #1
 397:/home/max/chipwhisperer/firmware/mcu/simpleserial/simpleserial.c **** 	{
 910              		.loc 1 397 43 is_stmt 1 discriminator 2 view .LVU247
 911 00b4 0134     		adds	r4, r4, #1
 912              	.LVL76:
 397:/home/max/chipwhisperer/firmware/mcu/simpleserial/simpleserial.c **** 	{
 913              		.loc 1 397 43 is_stmt 0 discriminator 2 view .LVU248
 914 00b6 CEE7     		b	.L53
 915              	.L70:
 916              		.align	2
 917              	.L69:
 918 00b8 00000000 		.word	.LANCHOR1
 919              	.LBE41:
 920              		.cfi_endproc
 921              	.LFE8:
 923              		.section	.text.simpleserial_put,"ax",%progbits
 924              		.align	1
 925              		.global	simpleserial_put
 926              		.syntax unified
 927              		.thumb
 928              		.thumb_func
 930              	simpleserial_put:
 931              	.LVL77:
 932              	.LFB9:
 429:/home/max/chipwhisperer/firmware/mcu/simpleserial/simpleserial.c **** 	// Write first character
 933              		.loc 1 429 1 is_stmt 1 view -0
 934              		.cfi_startproc
 935              		@ args = 0, pretend = 0, frame = 0
 936              		@ frame_needed = 0, uses_anonymous_args = 0
 937              		@ link register save eliminated.
 431:/home/max/chipwhisperer/firmware/mcu/simpleserial/simpleserial.c **** 	putch(c);
 938              		.loc 1 431 5 view .LVU250
 431:/home/max/chipwhisperer/firmware/mcu/simpleserial/simpleserial.c **** 	putch(c);
 939              		.loc 1 431 8 is_stmt 0 view .LVU251
 940 0000 0AB1     		cbz	r2, .L71
 941 0002 FFF7FEBF 		b	simpleserial_put.part.0
 942              	.LVL78:
 943              	.L71:
 944              		.loc 1 443 1 view .LVU252
 945 0006 7047     		bx	lr
 946              		.cfi_endproc
 947              	.LFE9:
 949              		.section	.rodata
 950              		.set	.LANCHOR0,. + 0
 953              	hex_lookup:
 954 0000 30313233 		.ascii	"0123456789ABCDEF"
 954      34353637 
 954      38394142 
 954      43444546 
 955              	.LC0:
 956 0010 00       		.byte	0
 957 0011 4D       		.byte	77
 958 0012 9A       		.byte	-102
 959 0013 D7       		.byte	-41
 960 0014 79       		.byte	121
 961 0015 34       		.byte	52
 962 0016 E3       		.byte	-29
 963 0017 AE       		.byte	-82
 964 0018 F2       		.byte	-14
 965 0019 BF       		.byte	-65
 966 001a 68       		.byte	104
 967 001b 25       		.byte	37
 968 001c 8B       		.byte	-117
 969 001d C6       		.byte	-58
 970 001e 11       		.byte	17
 971 001f 5C       		.byte	92
 972 0020 A9       		.byte	-87
 973 0021 E4       		.byte	-28
 974 0022 33       		.byte	51
 975 0023 7E       		.byte	126
 976 0024 D0       		.byte	-48
 977 0025 9D       		.byte	-99
 978 0026 4A       		.byte	74
 979 0027 07       		.byte	7
 980 0028 5B       		.byte	91
 981 0029 16       		.byte	22
 982 002a C1       		.byte	-63
 983 002b 8C       		.byte	-116
 984 002c 22       		.byte	34
 985 002d 6F       		.byte	111
 986 002e B8       		.byte	-72
 987 002f F5       		.byte	-11
 988 0030 1F       		.byte	31
 989 0031 52       		.byte	82
 990 0032 85       		.byte	-123
 991 0033 C8       		.byte	-56
 992 0034 66       		.byte	102
 993 0035 2B       		.byte	43
 994 0036 FC       		.byte	-4
 995 0037 B1       		.byte	-79
 996 0038 ED       		.byte	-19
 997 0039 A0       		.byte	-96
 998 003a 77       		.byte	119
 999 003b 3A       		.byte	58
 1000 003c 94       		.byte	-108
 1001 003d D9       		.byte	-39
 1002 003e 0E       		.byte	14
 1003 003f 43       		.byte	67
 1004 0040 B6       		.byte	-74
 1005 0041 FB       		.byte	-5
 1006 0042 2C       		.byte	44
 1007 0043 61       		.byte	97
 1008 0044 CF       		.byte	-49
 1009 0045 82       		.byte	-126
 1010 0046 55       		.byte	85
 1011 0047 18       		.byte	24
 1012 0048 44       		.byte	68
 1013 0049 09       		.byte	9
 1014 004a DE       		.byte	-34
 1015 004b 93       		.byte	-109
 1016 004c 3D       		.byte	61
 1017 004d 70       		.byte	112
 1018 004e A7       		.byte	-89
 1019 004f EA       		.byte	-22
 1020 0050 3E       		.byte	62
 1021 0051 73       		.byte	115
 1022 0052 A4       		.byte	-92
 1023 0053 E9       		.byte	-23
 1024 0054 47       		.byte	71
 1025 0055 0A       		.byte	10
 1026 0056 DD       		.byte	-35
 1027 0057 90       		.byte	-112
 1028 0058 CC       		.byte	-52
 1029 0059 81       		.byte	-127
 1030 005a 56       		.byte	86
 1031 005b 1B       		.byte	27
 1032 005c B5       		.byte	-75
 1033 005d F8       		.byte	-8
 1034 005e 2F       		.byte	47
 1035 005f 62       		.byte	98
 1036 0060 97       		.byte	-105
 1037 0061 DA       		.byte	-38
 1038 0062 0D       		.byte	13
 1039 0063 40       		.byte	64
 1040 0064 EE       		.byte	-18
 1041 0065 A3       		.byte	-93
 1042 0066 74       		.byte	116
 1043 0067 39       		.byte	57
 1044 0068 65       		.byte	101
 1045 0069 28       		.byte	40
 1046 006a FF       		.byte	-1
 1047 006b B2       		.byte	-78
 1048 006c 1C       		.byte	28
 1049 006d 51       		.byte	81
 1050 006e 86       		.byte	-122
 1051 006f CB       		.byte	-53
 1052 0070 21       		.byte	33
 1053 0071 6C       		.byte	108
 1054 0072 BB       		.byte	-69
 1055 0073 F6       		.byte	-10
 1056 0074 58       		.byte	88
 1057 0075 15       		.byte	21
 1058 0076 C2       		.byte	-62
 1059 0077 8F       		.byte	-113
 1060 0078 D3       		.byte	-45
 1061 0079 9E       		.byte	-98
 1062 007a 49       		.byte	73
 1063 007b 04       		.byte	4
 1064 007c AA       		.byte	-86
 1065 007d E7       		.byte	-25
 1066 007e 30       		.byte	48
 1067 007f 7D       		.byte	125
 1068 0080 88       		.byte	-120
 1069 0081 C5       		.byte	-59
 1070 0082 12       		.byte	18
 1071 0083 5F       		.byte	95
 1072 0084 F1       		.byte	-15
 1073 0085 BC       		.byte	-68
 1074 0086 6B       		.byte	107
 1075 0087 26       		.byte	38
 1076 0088 7A       		.byte	122
 1077 0089 37       		.byte	55
 1078 008a E0       		.byte	-32
 1079 008b AD       		.byte	-83
 1080 008c 03       		.byte	3
 1081 008d 4E       		.byte	78
 1082 008e 99       		.byte	-103
 1083 008f D4       		.byte	-44
 1084 0090 7C       		.byte	124
 1085 0091 31       		.byte	49
 1086 0092 E6       		.byte	-26
 1087 0093 AB       		.byte	-85
 1088 0094 05       		.byte	5
 1089 0095 48       		.byte	72
 1090 0096 9F       		.byte	-97
 1091 0097 D2       		.byte	-46
 1092 0098 8E       		.byte	-114
 1093 0099 C3       		.byte	-61
 1094 009a 14       		.byte	20
 1095 009b 59       		.byte	89
 1096 009c F7       		.byte	-9
 1097 009d BA       		.byte	-70
 1098 009e 6D       		.byte	109
 1099 009f 20       		.byte	32
 1100 00a0 D5       		.byte	-43
 1101 00a1 98       		.byte	-104
 1102 00a2 4F       		.byte	79
 1103 00a3 02       		.byte	2
 1104 00a4 AC       		.byte	-84
 1105 00a5 E1       		.byte	-31
 1106 00a6 36       		.byte	54
 1107 00a7 7B       		.byte	123
 1108 00a8 27       		.byte	39
 1109 00a9 6A       		.byte	106
 1110 00aa BD       		.byte	-67
 1111 00ab F0       		.byte	-16
 1112 00ac 5E       		.byte	94
 1113 00ad 13       		.byte	19
 1114 00ae C4       		.byte	-60
 1115 00af 89       		.byte	-119
 1116 00b0 63       		.byte	99
 1117 00b1 2E       		.byte	46
 1118 00b2 F9       		.byte	-7
 1119 00b3 B4       		.byte	-76
 1120 00b4 1A       		.byte	26
 1121 00b5 57       		.byte	87
 1122 00b6 80       		.byte	-128
 1123 00b7 CD       		.byte	-51
 1124 00b8 91       		.byte	-111
 1125 00b9 DC       		.byte	-36
 1126 00ba 0B       		.byte	11
 1127 00bb 46       		.byte	70
 1128 00bc E8       		.byte	-24
 1129 00bd A5       		.byte	-91
 1130 00be 72       		.byte	114
 1131 00bf 3F       		.byte	63
 1132 00c0 CA       		.byte	-54
 1133 00c1 87       		.byte	-121
 1134 00c2 50       		.byte	80
 1135 00c3 1D       		.byte	29
 1136 00c4 B3       		.byte	-77
 1137 00c5 FE       		.byte	-2
 1138 00c6 29       		.byte	41
 1139 00c7 64       		.byte	100
 1140 00c8 38       		.byte	56
 1141 00c9 75       		.byte	117
 1142 00ca A2       		.byte	-94
 1143 00cb EF       		.byte	-17
 1144 00cc 41       		.byte	65
 1145 00cd 0C       		.byte	12
 1146 00ce DB       		.byte	-37
 1147 00cf 96       		.byte	-106
 1148 00d0 42       		.byte	66
 1149 00d1 0F       		.byte	15
 1150 00d2 D8       		.byte	-40
 1151 00d3 95       		.byte	-107
 1152 00d4 3B       		.byte	59
 1153 00d5 76       		.byte	118
 1154 00d6 A1       		.byte	-95
 1155 00d7 EC       		.byte	-20
 1156 00d8 B0       		.byte	-80
 1157 00d9 FD       		.byte	-3
 1158 00da 2A       		.byte	42
 1159 00db 67       		.byte	103
 1160 00dc C9       		.byte	-55
 1161 00dd 84       		.byte	-124
 1162 00de 53       		.byte	83
 1163 00df 1E       		.byte	30
 1164 00e0 EB       		.byte	-21
 1165 00e1 A6       		.byte	-90
 1166 00e2 71       		.byte	113
 1167 00e3 3C       		.byte	60
 1168 00e4 92       		.byte	-110
 1169 00e5 DF       		.byte	-33
 1170 00e6 08       		.byte	8
 1171 00e7 45       		.byte	69
 1172 00e8 19       		.byte	25
 1173 00e9 54       		.byte	84
 1174 00ea 83       		.byte	-125
 1175 00eb CE       		.byte	-50
 1176 00ec 60       		.byte	96
 1177 00ed 2D       		.byte	45
 1178 00ee FA       		.byte	-6
 1179 00ef B7       		.byte	-73
 1180 00f0 5D       		.byte	93
 1181 00f1 10       		.byte	16
 1182 00f2 C7       		.byte	-57
 1183 00f3 8A       		.byte	-118
 1184 00f4 24       		.byte	36
 1185 00f5 69       		.byte	105
 1186 00f6 BE       		.byte	-66
 1187 00f7 F3       		.byte	-13
 1188 00f8 AF       		.byte	-81
 1189 00f9 E2       		.byte	-30
 1190 00fa 35       		.byte	53
 1191 00fb 78       		.byte	120
 1192 00fc D6       		.byte	-42
 1193 00fd 9B       		.byte	-101
 1194 00fe 4C       		.byte	76
 1195 00ff 01       		.byte	1
 1196 0100 F4       		.byte	-12
 1197 0101 B9       		.byte	-71
 1198 0102 6E       		.byte	110
 1199 0103 23       		.byte	35
 1200 0104 8D       		.byte	-115
 1201 0105 C0       		.byte	-64
 1202 0106 17       		.byte	23
 1203 0107 5A       		.byte	90
 1204 0108 06       		.byte	6
 1205 0109 4B       		.byte	75
 1206 010a 9C       		.byte	-100
 1207 010b D1       		.byte	-47
 1208 010c 7F       		.byte	127
 1209 010d 32       		.byte	50
 1210 010e E5       		.byte	-27
 1211 010f A8       		.byte	-88
 1212              		.bss
 1213              		.align	2
 1214              		.set	.LANCHOR1,. + 0
 1217              	num_commands:
 1218 0000 00000000 		.space	4
 1221              	commands:
 1222 0004 00000000 		.space	512
 1222      00000000 
 1222      00000000 
 1222      00000000 
 1222      00000000 
 1223              		.text
 1224              	.Letext0:
 1225              		.file 2 "/usr/arm-none-eabi/include/machine/_default_types.h"
 1226              		.file 3 "/usr/arm-none-eabi/include/sys/_stdint.h"
 1227              		.file 4 "/home/max/chipwhisperer/firmware/mcu/hal/stm32f3/stm32f3_hal.h"
DEFINED SYMBOLS
                            *ABS*:00000000 simpleserial.c
     /tmp/ccVDbV2M.s:19     .text.check_version:00000000 $t
     /tmp/ccVDbV2M.s:25     .text.check_version:00000000 check_version
     /tmp/ccVDbV2M.s:43     .text.simpleserial_put.part.0:00000000 $t
     /tmp/ccVDbV2M.s:48     .text.simpleserial_put.part.0:00000000 simpleserial_put.part.0
     /tmp/ccVDbV2M.s:132    .text.simpleserial_put.part.0:0000003c $d
     /tmp/ccVDbV2M.s:138    .text.ss_num_commands:00000000 $t
     /tmp/ccVDbV2M.s:144    .text.ss_num_commands:00000000 ss_num_commands
     /tmp/ccVDbV2M.s:195    .text.ss_num_commands:0000001c $d
     /tmp/ccVDbV2M.s:200    .text.ss_get_commands:00000000 $t
     /tmp/ccVDbV2M.s:206    .text.ss_get_commands:00000000 ss_get_commands
     /tmp/ccVDbV2M.s:317    .text.ss_get_commands:00000048 $d
     /tmp/ccVDbV2M.s:323    .text.ss_crc:00000000 $t
     /tmp/ccVDbV2M.s:329    .text.ss_crc:00000000 ss_crc
     /tmp/ccVDbV2M.s:378    .text.ss_crc:0000001c $d
     /tmp/ccVDbV2M.s:383    .text.hex_decode:00000000 $t
     /tmp/ccVDbV2M.s:389    .text.hex_decode:00000000 hex_decode
     /tmp/ccVDbV2M.s:554    .text.simpleserial_addcmd_flags:00000000 $t
     /tmp/ccVDbV2M.s:560    .text.simpleserial_addcmd_flags:00000000 simpleserial_addcmd_flags
     /tmp/ccVDbV2M.s:619    .text.simpleserial_addcmd_flags:00000028 $d
     /tmp/ccVDbV2M.s:624    .text.simpleserial_addcmd:00000000 $t
     /tmp/ccVDbV2M.s:630    .text.simpleserial_addcmd:00000000 simpleserial_addcmd
     /tmp/ccVDbV2M.s:648    .text.simpleserial_init:00000000 $t
     /tmp/ccVDbV2M.s:654    .text.simpleserial_init:00000000 simpleserial_init
     /tmp/ccVDbV2M.s:693    .text.simpleserial_init:00000020 $d
     /tmp/ccVDbV2M.s:700    .text.simpleserial_get:00000000 $t
     /tmp/ccVDbV2M.s:706    .text.simpleserial_get:00000000 simpleserial_get
     /tmp/ccVDbV2M.s:918    .text.simpleserial_get:000000b8 $d
     /tmp/ccVDbV2M.s:924    .text.simpleserial_put:00000000 $t
     /tmp/ccVDbV2M.s:930    .text.simpleserial_put:00000000 simpleserial_put
     /tmp/ccVDbV2M.s:953    .rodata:00000000 hex_lookup
     /tmp/ccVDbV2M.s:1213   .bss:00000000 $d
     /tmp/ccVDbV2M.s:1217   .bss:00000000 num_commands
     /tmp/ccVDbV2M.s:1221   .bss:00000004 commands

UNDEFINED SYMBOLS
putch
getch
